,Name,Type 1,Type 2,NORMAL,FIRE,WATER,ELECTRIC,GRASS,ICE,FIGHTING,POISON,GROUND,FLYING,SPYCHIC,BUG,ROCK,GHOST,DRAGON,DARK,STEEL,FAIRY
1,Bulbasaur,Grass,Poison,1,2,0.5,0.5,0.25,2,0.5,1,1,2,2,1,1,1,1,1,1,0.5
2,Ivysaur,Grass,Poison,1,2,0.5,0.5,0.25,2,0.5,1,1,2,2,1,1,1,1,1,1,0.5
3,Venusaur,Grass,Poison,1,2,0.5,0.5,0.25,2,0.5,1,1,2,2,1,1,1,1,1,1,0.5
4,Charmander,Fire,,1,0.5,2,1,0.5,0.5,1,1,2,1,1,0.5,2,1,1,1,0.5,0.5
5,Charmeleon,Fire,,1,0.5,2,1,0.5,0.5,1,1,2,1,1,0.5,2,1,1,1,0.5,0.5
6,Charizard,Fire,Flying,1,0.5,2,2,0.25,1,0.5,1,0,1,1,0.25,4,1,1,1,0.5,0.5
7,Squirtle,Water,,1,0.5,0.5,2,2,0.5,1,1,1,1,1,1,1,1,1,1,0.5,1
8,Wartortle,Water,,1,0.5,0.5,2,2,0.5,1,1,1,1,1,1,1,1,1,1,0.5,1
9,Blastoise,Water,,1,0.5,0.5,2,2,0.5,1,1,1,1,1,1,1,1,1,1,0.5,1
10,Caterpie,Bug,,1,2,1,1,0.5,1,0.5,1,0.5,2,1,1,2,1,1,1,1,1
11,Metapod,Bug,,1,2,1,1,0.5,1,0.5,1,0.5,2,1,1,2,1,1,1,1,1
12,Butterfree,Bug,Flying,1,2,1,2,0.25,2,0.25,1,0,2,1,0.5,4,1,1,1,1,1
13,Weedle,Bug,Poison,1,2,1,1,0.25,1,0.25,0.5,1,2,2,0.5,2,1,1,1,1,0.5
14,Kakuna,Bug,Poison,1,2,1,1,0.25,1,0.25,0.5,1,2,2,0.5,2,1,1,1,1,0.5
15,Beedrill,Bug,Poison,1,2,1,1,0.25,1,0.25,0.5,1,2,2,0.5,2,1,1,1,1,0.5
16,Pidgey,Normal,Flying,1,1,1,2,0.5,2,1,1,0,1,1,0.5,2,0,1,1,1,1
17,Pidgeotto,Normal,Flying,1,1,1,2,0.5,2,1,1,0,1,1,0.5,2,0,1,1,1,1
18,Pidgeot,Normal,Flying,1,1,1,2,0.5,2,1,1,0,1,1,0.5,2,0,1,1,1,1
19,Rattata,Normal,,1,1,1,1,1,1,2,1,1,1,1,1,1,0,1,1,1,1
20,Raticate,Normal,,1,1,1,1,1,1,2,1,1,1,1,1,1,0,1,1,1,1
21,Spearow,Normal,Flying,1,1,1,2,0.5,2,1,1,0,1,1,0.5,2,0,1,1,1,1
22,Fearow,Normal,Flying,1,1,1,2,0.5,2,1,1,0,1,1,0.5,2,0,1,1,1,1
23,Ekans,Poison,,1,1,1,1,0.5,1,0.5,0.5,2,1,2,0.5,1,1,1,1,1,0.5
24,Arbok,Poison,,1,1,1,1,0.5,1,0.5,0.5,2,1,2,0.5,1,1,1,1,1,0.5
25,Pikachu,Electric,,1,1,1,0.5,1,1,1,1,2,0.5,1,1,1,1,1,1,0.5,1
26,Raichu,Electric,,1,1,1,0.5,1,1,1,1,2,0.5,1,1,1,1,1,1,0.5,1
27,Sandshrew,Ground,,1,1,2,0,2,2,1,0.5,1,1,1,1,0.5,1,1,1,1,1
28,Sandslash,Ground,,1,1,2,0,2,2,1,0.5,1,1,1,1,0.5,1,1,1,1,1
29,Nidoran♀ (female),Poison,,1,1,1,1,0.5,1,0.5,0.5,2,1,2,0.5,1,1,1,1,1,0.5
30,Nidorina,Poison,,1,1,1,1,0.5,1,0.5,0.5,2,1,2,0.5,1,1,1,1,1,0.5
31,Nidoqueen,Poison,Ground,1,1,2,0,1,2,0.5,0.25,2,1,2,0.5,0.5,1,1,1,1,0.5
32,Nidoran♂ (male),Poison,,1,1,1,1,0.5,1,0.5,0.5,2,1,2,0.5,1,1,1,1,1,0.5
33,Nidorino,Poison,,1,1,1,1,0.5,1,0.5,0.5,2,1,2,0.5,1,1,1,1,1,0.5
34,Nidoking,Poison,Ground,1,1,2,0,1,2,0.5,0.25,2,1,2,0.5,0.5,1,1,1,1,0.5
35,Clefairy,Fairy,,1,1,1,1,1,1,0.5,2,1,1,1,0.5,1,1,0,0.5,2,1
36,Clefable,Fairy,,1,1,1,1,1,1,0.5,2,1,1,1,0.5,1,1,0,0.5,2,1
37,Vulpix,Fire,,1,0,2,1,0.5,0.5,1,1,2,1,1,0.5,2,1,1,1,0.5,0.5
38,Ninetales,Fire,,1,0,2,1,0.5,0.5,1,1,2,1,1,0.5,2,1,1,1,0.5,0.5
39,Jigglypuff,Normal,Fairy,1,1,1,1,1,1,1,2,1,1,1,0.5,1,0,0,0.5,2,1
40,Wigglytuff,Normal,Fairy,1,1,1,1,1,1,1,2,1,1,1,0.5,1,0,0,0.5,2,1
41,Zubat,Poison,Flying,1,1,1,2,0.25,2,0.25,0.5,0,1,2,0.25,2,1,1,1,1,0.5
42,Golbat,Poison,Flying,1,1,1,2,0.25,2,0.25,0.5,0,1,2,0.25,2,1,1,1,1,0.5
43,Oddish,Grass,Poison,1,2,0.5,0.5,0.25,2,0.5,1,1,2,2,1,1,1,1,1,1,0.5
44,Gloom,Grass,Poison,1,2,0.5,0.5,0.25,2,0.5,1,1,2,2,1,1,1,1,1,1,0.5
45,Vileplume,Grass,Poison,1,2,0.5,0.5,0.25,2,0.5,1,1,2,2,1,1,1,1,1,1,0.5
46,Paras,Bug,Grass,1,4,0.5,0.5,0.25,2,0.5,2,0.25,4,1,2,2,1,1,1,1,1
47,Parasect,Bug,Grass,1,4,0.5,0.5,0.25,2,0.5,2,0.25,4,1,2,2,1,1,1,1,1
48,Venonat,Bug,Poison,1,2,1,1,0.25,1,0.25,0.5,1,2,2,0.5,2,1,1,1,1,0.5
49,Venomoth,Bug,Poison,1,2,1,1,0.25,1,0.25,0.5,1,2,2,0.5,2,1,1,1,1,0.5
50,Diglett,Ground,,1,1,2,0,2,2,1,0.5,1,1,1,1,0.5,1,1,1,1,1
51,Dugtrio,Ground,,1,1,2,0,2,2,1,0.5,1,1,1,1,0.5,1,1,1,1,1
52,Meowth,Normal,,1,1,1,1,1,1,2,1,1,1,1,1,1,0,1,1,1,1
53,Persian,Normal,,1,1,1,1,1,1,2,1,1,1,1,1,1,0,1,1,1,1
54,Psyduck,Water,,1,0.5,0.5,2,2,0.5,1,1,1,1,1,1,1,1,1,1,0.5,1
55,Golduck,Water,,1,0.5,0.5,2,2,0.5,1,1,1,1,1,1,1,1,1,1,0.5,1
56,Mankey,Fighting,,1,1,1,1,1,1,1,1,1,2,2,0.5,0.5,1,1,0.5,1,2
57,Primeape,Fighting,,1,1,1,1,1,1,1,1,1,2,2,0.5,0.5,1,1,0.5,1,2
58,Growlithe,Fire,,1,0.5,2,1,0.5,0.5,1,1,2,1,1,0.5,2,1,1,1,0.5,0.5
59,Arcanine,Fire,,1,0.5,2,1,0.5,0.5,1,1,2,1,1,0.5,2,1,1,1,0.5,0.5
60,Poliwag,Water,,1,0.5,0,2,2,0.5,1,1,1,1,1,1,1,1,1,1,0.5,1
61,Poliwhirl,Water,,1,0.5,0,2,2,0.5,1,1,1,1,1,1,1,1,1,1,0.5,1
62,Poliwrath,Water,Fighting,1,0.5,0,2,2,0.5,1,1,1,2,2,0.5,0.5,1,1,0.5,0.5,2
63,Abra,Psychic,,1,1,1,1,1,1,0.5,1,1,1,0.5,2,1,2,1,2,1,1
64,Kadabra,Psychic,,1,1,1,1,1,1,0.5,1,1,1,0.5,2,1,2,1,2,1,1
65,Alakazam,Psychic,,1,1,1,1,1,1,0.5,1,1,1,0.5,2,1,2,1,2,1,1
66,Machop,Fighting,,1,1,1,1,1,1,1,1,1,2,2,0.5,0.5,1,1,0.5,1,2
67,Machoke,Fighting,,1,1,1,1,1,1,1,1,1,2,2,0.5,0.5,1,1,0.5,1,2
68,Machamp,Fighting,,1,1,1,1,1,1,1,1,1,2,2,0.5,0.5,1,1,0.5,1,2
69,Bellsprout,Grass,Poison,1,2,0.5,0.5,0.25,2,0.5,1,1,2,2,1,1,1,1,1,1,0.5
70,Weepinbell,Grass,Poison,1,2,0.5,0.5,0.25,2,0.5,1,1,2,2,1,1,1,1,1,1,0.5
71,Victreebel,Grass,Poison,1,2,0.5,0.5,0.25,2,0.5,1,1,2,2,1,1,1,1,1,1,0.5
72,Tentacool,Water,Poison,1,0.5,0.5,2,1,0.5,0.5,0.5,2,1,2,0.5,1,1,1,1,0.5,0.5
73,Tentacruel,Water,Poison,1,0.5,0.5,2,1,0.5,0.5,0.5,2,1,2,0.5,1,1,1,1,0.5,0.5
74,Geodude,Rock,Ground,0.5,0.5,4,0,4,2,2,0.25,2,0.5,1,1,0.5,1,1,1,2,1
75,Graveler,Rock,Ground,0.5,0.5,4,0,4,2,2,0.25,2,0.5,1,1,0.5,1,1,1,2,1
76,Golem,Rock,Ground,0.5,0.5,4,0,4,2,2,0.25,2,0.5,1,1,0.5,1,1,1,2,1
77,Ponyta,Fire,,1,0.5,2,1,0.5,0.5,1,1,2,1,1,0.5,2,1,1,1,0.5,0.5
78,Rapidash,Fire,,1,0.5,2,1,0.5,0.5,1,1,2,1,1,0.5,2,1,1,1,0.5,0.5
79,Slowpoke,Water,Psychic,1,0.5,0.5,2,2,0.5,0.5,1,1,1,0.5,2,1,2,1,2,0.5,1
80,Slowbro,Water,Psychic,1,0.5,0.5,2,2,0.5,0.5,1,1,1,0.5,2,1,2,1,2,0.5,1
81,Magnemite,Electric,Steel,0.5,2,1,0.5,0.5,0.5,2,0,4,0.25,0.5,0.5,0.5,1,0.5,1,0.25,0.5
82,Magneton,Electric,Steel,0.5,2,1,0.5,0.5,0.5,2,0,4,0.25,0.5,0.5,0.5,1,0.5,1,0.25,0.5
83,Farfetch'd,Normal,Flying,1,1,1,2,0.5,2,1,1,0,1,1,0.5,2,0,1,1,1,1
84,Doduo,Normal,Flying,1,1,1,2,0.5,2,1,1,0,1,1,0.5,2,0,1,1,1,1
85,Dodrio,Normal,Flying,1,1,1,2,0.5,2,1,1,0,1,1,0.5,2,0,1,1,1,1
86,Seel,Water,,1,0.25,0.5,2,2,0.25,1,1,1,1,1,1,1,1,1,1,0.5,1
87,Dewgong,Water,Ice,1,0.5,0.5,2,2,0.3333333333333333,2,1,1,1,1,1,2,1,1,1,1,1
88,Grimer,Poison,,1,1,1,1,0.5,1,0.5,0.5,2,1,2,0.5,1,1,1,1,1,0.5
89,Muk,Poison,,1,1,1,1,0.5,1,0.5,0.5,2,1,2,0.5,1,1,1,1,1,0.5
90,Shellder,Water,,1,0.5,0.5,2,2,0.5,1,1,1,1,1,1,1,1,1,1,0.5,1
91,Cloyster,Water,Ice,1,1,0.5,2,2,0.25,2,1,1,1,1,1,2,1,1,1,1,1
92,Gastly,Ghost,Poison,0,1,1,1,0.5,1,0,0.25,0,1,2,0.25,1,2,1,2,1,0.5
93,Haunter,Ghost,Poison,0,1,1,1,0.5,1,0,0.25,0,1,2,0.25,1,2,1,2,1,0.5
94,Gengar,Ghost,Poison,0,1,1,1,0.5,1,0,0.25,2,1,2,0.25,1,2,1,2,1,0.5
95,Onix,Rock,Ground,0.5,0.5,4,0,4,2,2,0.25,2,0.5,1,1,0.5,1,1,1,2,1
96,Drowzee,Psychic,,1,1,1,1,1,1,0.5,1,1,1,0.5,2,1,2,1,2,1,1
97,Hypno,Psychic,,1,1,1,1,1,1,0.5,1,1,1,0.5,2,1,2,1,2,1,1
98,Krabby,Water,,1,0.5,0.5,2,2,0.5,1,1,1,1,1,1,1,1,1,1,0.5,1
99,Kingler,Water,,1,0.5,0.5,2,2,0.5,1,1,1,1,1,1,1,1,1,1,0.5,1
100,Voltorb,Electric,,1,1,1,0.5,1,1,1,1,2,0.5,1,1,1,1,1,1,0.5,1
101,Electrode,Electric,,1,1,1,0.5,1,1,1,1,2,0.5,1,1,1,1,1,1,0.5,1
102,Exeggcute,Grass,Psychic,1,2,0.5,0.5,0.5,2,0.5,2,0.5,2,0.5,4,1,2,1,2,1,1
103,Exeggutor,Grass,Psychic,1,2,0.5,0.5,0.5,2,0.5,2,0.5,2,0.5,4,1,2,1,2,1,1
104,Cubone,Ground,,1,1,2,0,2,2,1,0.5,1,1,1,1,0.5,1,1,1,1,1
105,Marowak,Ground,,1,1,2,0,2,2,1,0.5,1,1,1,1,0.5,1,1,1,1,1
106,Hitmonlee,Fighting,,1,1,1,1,1,1,1,1,1,2,2,0.5,0.5,1,1,0.5,1,2
107,Hitmonchan,Fighting,,1,1,1,1,1,1,1,1,1,2,2,0.5,0.5,1,1,0.5,1,2
108,Lickitung,Normal,,1,1,1,1,1,1,2,1,1,1,1,1,1,0,1,1,1,1
109,Koffing,Poison,,1,1,1,1,0.5,1,0.5,0.5,0,1,2,0.5,1,1,1,1,1,0.5
110,Weezing,Poison,,1,1,1,1,0.5,1,0.5,0.5,0,1,2,0.5,1,1,1,1,1,0.5
111,Rhyhorn,Ground,Rock,0.5,0.5,4,0,4,2,2,0.25,2,0.5,1,1,0.5,1,1,1,2,1
112,Rhydon,Ground,Rock,0.5,0.5,4,0,4,2,2,0.25,2,0.5,1,1,0.5,1,1,1,2,1
113,Chansey,Normal,,1,1,1,1,1,1,2,1,1,1,1,1,1,0,1,1,1,1
114,Tangela,Grass,,1,2,0.5,0.5,0.5,2,1,2,0.5,2,1,2,1,1,1,1,1,1
115,Kangaskhan,Normal,,1,1,1,1,1,1,2,1,1,1,1,1,1,0,1,1,1,1
116,Horsea,Water,,1,0.5,0.5,2,2,0.5,1,1,1,1,1,1,1,1,1,1,0.5,1
117,Seadra,Water,,1,0.5,0.5,2,2,0.5,1,1,1,1,1,1,1,1,1,1,0.5,1
118,Goldeen,Water,,1,0.5,0.5,2,2,0.5,1,1,1,1,1,1,1,1,1,1,0.5,1
119,Seaking,Water,,1,0.5,0.5,2,2,0.5,1,1,1,1,1,1,1,1,1,1,0.5,1
120,Staryu,Water,,1,0.5,0.5,2,2,0.5,1,1,1,1,1,1,1,1,1,1,0.5,1
121,Starmie,Water,Psychic,1,0.5,0.5,2,2,0.5,0.5,1,1,1,0.5,2,1,2,1,2,0.5,1
122,Mr. Mime,Psychic,Fairy,1,1,1,1,1,1,0.25,2,1,1,0.5,1,1,2,0,1,2,1
123,Scyther,Bug,Flying,1,2,1,2,0.25,2,0.25,1,0,2,1,0.5,4,1,1,1,1,1
124,Jynx,Ice,Psychic,1,2,1,1,1,0.5,1,1,1,1,0.5,2,2,2,1,2,2,1
125,Electabuzz,Electric,,1,1,1,0.5,1,1,1,1,2,0.5,1,1,1,1,1,1,0.5,1
126,Magmar,Fire,,1,0.5,2,1,0.5,0.5,1,1,2,1,1,0.5,2,1,1,1,0.5,0.5
127,Pinsir,Bug,,1,2,1,1,0.5,1,0.5,1,0.5,2,1,1,2,1,1,1,1,1
128,Tauros,Normal,,1,1,1,1,1,1,2,1,1,1,1,1,1,0,1,1,1,1
129,Magikarp,Water,,1,0.5,0.5,2,2,0.5,1,1,1,1,1,1,1,1,1,1,0.5,1
130,Gyarados,Water,Flying,1,0.5,0.5,4,1,1,0.5,1,0,1,1,0.5,2,1,1,1,0.5,1
131,Lapras,Water,Ice,1,1,0,2,2,0.25,2,1,1,1,1,1,2,1,1,1,1,1
132,Ditto,Normal,,1,1,1,1,1,1,2,1,1,1,1,1,1,0,1,1,1,1
133,Eevee,Normal,,1,1,1,1,1,1,2,1,1,1,1,1,1,0,1,1,1,1
134,Vaporeon,Water,,1,0.5,0,2,2,0.5,1,1,1,1,1,1,1,1,1,1,0.5,1
135,Jolteon,Electric,,1,1,1,0,1,1,1,1,2,0.5,1,1,1,1,1,1,0.5,1
136,Flareon,Fire,,1,0,2,1,0.5,0.5,1,1,2,1,1,0.5,2,1,1,1,0.5,0.5
137,Porygon,Normal,,1,1,1,1,1,1,2,1,1,1,1,1,1,0,1,1,1,1
138,Omanyte,Rock,Water,0.5,0.25,1,2,4,0.5,2,0.5,2,0.5,1,1,1,1,1,1,1,1
139,Omastar,Rock,Water,0.5,0.25,1,2,4,0.5,2,0.5,2,0.5,1,1,1,1,1,1,1,1
140,Kabuto,Rock,Water,0.5,0.25,1,2,4,0.5,2,0.5,2,0.5,1,1,1,1,1,1,1,1
141,Kabutops,Rock,Water,0.5,0.25,1,2,4,0.5,2,0.5,2,0.5,1,1,1,1,1,1,1,1
142,Aerodactyl,Rock,Flying,0.5,0.5,2,2,1,2,1,0.5,0,0.5,1,0.5,2,1,1,1,2,1
143,Snorlax,Normal,,1,1,1,1,1,1,2,1,1,1,1,1,1,0,1,1,1,1
144,Articuno,Ice,Flying,1,2,1,2,0.5,1,1,1,0,1,1,0.5,4,1,1,1,2,1
145,Zapdos,Electric,Flying,1,1,1,1,0.5,2,0.5,1,0,0.5,1,0.5,2,1,1,1,0.5,1
146,Moltres,Fire,Flying,1,0.5,2,2,0.25,1,0.5,1,0,1,1,0.25,4,1,1,1,0.5,0.5
147,Dratini,Dragon,,1,0.5,0.5,0.5,0.5,2,1,1,1,1,1,1,1,1,2,1,1,2
148,Dragonair,Dragon,,1,0.5,0.5,0.5,0.5,2,1,1,1,1,1,1,1,1,2,1,1,2
149,Dragonite,Dragon,Flying,1,0.5,0.5,1,0.25,4,0.5,1,0,1,1,0.5,2,1,2,1,1,2
150,Mewtwo,Psychic,,1,1,1,1,1,1,0.5,1,1,1,0.5,2,1,2,1,2,1,1
151,Mew,Psychic,,1,1,1,1,1,1,0.5,1,1,1,0.5,2,1,2,1,2,1,1
152,Chikorita,Grass,,1,2,0.5,0.5,0.5,2,1,2,0.5,2,1,2,1,1,1,1,1,1
153,Bayleef,Grass,,1,2,0.5,0.5,0.5,2,1,2,0.5,2,1,2,1,1,1,1,1,1
154,Meganium,Grass,,1,2,0.5,0.5,0.5,2,1,2,0.5,2,1,2,1,1,1,1,1,1
155,Cyndaquil,Fire,,1,0.5,2,1,0.5,0.5,1,1,2,1,1,0.5,2,1,1,1,0.5,0.5
156,Quilava,Fire,,1,0.5,2,1,0.5,0.5,1,1,2,1,1,0.5,2,1,1,1,0.5,0.5
157,Typhlosion,Fire,,1,0.5,2,1,0.5,0.5,1,1,2,1,1,0.5,2,1,1,1,0.5,0.5
158,Totodile,Water,,1,0.5,0.5,2,2,0.5,1,1,1,1,1,1,1,1,1,1,0.5,1
159,Croconaw,Water,,1,0.5,0.5,2,2,0.5,1,1,1,1,1,1,1,1,1,1,0.5,1
160,Feraligatr,Water,,1,0.5,0.5,2,2,0.5,1,1,1,1,1,1,1,1,1,1,0.5,1
161,Sentret,Normal,,1,1,1,1,1,1,2,1,1,1,1,1,1,0,1,1,1,1
162,Furret,Normal,,1,1,1,1,1,1,2,1,1,1,1,1,1,0,1,1,1,1
163,Hoothoot,Normal,Flying,1,1,1,2,0.5,2,1,1,0,1,1,0.5,2,0,1,1,1,1
164,Noctowl,Normal,Flying,1,1,1,2,0.5,2,1,1,0,1,1,0.5,2,0,1,1,1,1
165,Ledyba,Bug,Flying,1,2,1,2,0.25,2,0.25,1,0,2,1,0.5,4,1,1,1,1,1
166,Ledian,Bug,Flying,1,2,1,2,0.25,2,0.25,1,0,2,1,0.5,4,1,1,1,1,1
167,Spinarak,Bug,Poison,1,2,1,1,0.25,1,0.25,0.5,1,2,2,0.5,2,1,1,1,1,0.5
168,Ariados,Bug,Poison,1,2,1,1,0.25,1,0.25,0.5,1,2,2,0.5,2,1,1,1,1,0.5
169,Crobat,Poison,Flying,1,1,1,2,0.25,2,0.25,0.5,0,1,2,0.25,2,1,1,1,1,0.5
170,Chinchou,Water,Electric,1,0.5,0.5,0,2,0.5,1,1,2,0.5,1,1,1,1,1,1,0.25,1
171,Lanturn,Water,Electric,1,0.5,0.5,0,2,0.5,1,1,2,0.5,1,1,1,1,1,1,0.25,1
172,Pichu,Electric,,1,1,1,0.5,1,1,1,1,2,0.5,1,1,1,1,1,1,0.5,1
173,Cleffa,Fairy,,1,1,1,1,1,1,0.5,2,1,1,1,0.5,1,1,0,0.5,2,1
174,Igglybuff,Normal,Fairy,1,1,1,1,1,1,1,2,1,1,1,0.5,1,0,0,0.5,2,1
175,Togepi,Fairy,,1,1,1,1,1,1,0.5,2,1,1,1,0.5,1,1,0,0.5,2,1
176,Togetic,Fairy,Flying,1,1,1,2,0.5,2,0.25,2,0,1,1,0.25,2,1,0,0.5,2,1
177,Natu,Psychic,Flying,1,1,1,2,0.5,2,0.25,1,0,1,0.5,1,2,2,1,2,1,1
178,Xatu,Psychic,Flying,1,1,1,2,0.5,2,0.25,1,0,1,0.5,1,2,2,1,2,1,1
179,Mareep,Electric,,1,1,1,0.5,1,1,1,1,2,0.5,1,1,1,1,1,1,0.5,1
180,Flaaffy,Electric,,1,1,1,0.5,1,1,1,1,2,0.5,1,1,1,1,1,1,0.5,1
181,Ampharos,Electric,,1,1,1,0.5,1,1,1,1,2,0.5,1,1,1,1,1,1,0.5,1
182,Bellossom,Grass,,1,2,0.5,0.5,0.5,2,1,2,0.5,2,1,2,1,1,1,1,1,1
183,Marill,Water,Fairy,1,0.25,0.5,2,2,0.25,0.5,2,1,1,1,0.5,1,1,0,0.5,1,1
184,Azumarill,Water,Fairy,1,0.25,0.5,2,2,0.25,0.5,2,1,1,1,0.5,1,1,0,0.5,1,1
185,Sudowoodo,Rock,,0.5,0.5,2,1,2,1,2,0.5,2,0.5,1,1,1,1,1,1,2,1
186,Politoed,Water,,1,0.5,0,2,2,0.5,1,1,1,1,1,1,1,1,1,1,0.5,1
187,Hoppip,Grass,Flying,1,2,0.5,1,0.25,4,0.5,2,0,2,1,1,2,1,1,1,1,1
188,Skiploom,Grass,Flying,1,2,0.5,1,0.25,4,0.5,2,0,2,1,1,2,1,1,1,1,1
189,Jumpluff,Grass,Flying,1,2,0.5,1,0.25,4,0.5,2,0,2,1,1,2,1,1,1,1,1
190,Aipom,Normal,,1,1,1,1,1,1,2,1,1,1,1,1,1,0,1,1,1,1
191,Sunkern,Grass,,1,2,0.5,0.5,0.5,2,1,2,0.5,2,1,2,1,1,1,1,1,1
192,Sunflora,Grass,,1,2,0.5,0.5,0.5,2,1,2,0.5,2,1,2,1,1,1,1,1,1
193,Yanma,Bug,Flying,1,2,1,2,0.25,2,0.25,1,0,2,1,0.5,4,1,1,1,1,1
194,Wooper,Water,Ground,1,0.5,1,0,4,1,1,0.5,1,1,1,1,0.5,1,1,1,0.5,1
195,Quagsire,Water,Ground,1,0.5,1,0,4,1,1,0.5,1,1,1,1,0.5,1,1,1,0.5,1
196,Espeon,Psychic,,1,1,1,1,1,1,0.5,1,1,1,0.5,2,1,2,1,2,1,1
197,Umbreon,Dark,,1,1,1,1,1,1,2,1,1,1,0,2,1,0.5,1,0.5,1,2
198,Murkrow,Dark,Flying,1,1,1,2,0.5,2,1,1,0,1,0,1,2,0.5,1,0.5,1,2
199,Slowking,Water,Psychic,1,0.5,0.5,2,2,0.5,0.5,1,1,1,0.5,2,1,2,1,2,0.5,1
200,Misdreavus,Ghost,,0,1,1,1,1,1,0,0.5,0,1,1,0.5,1,2,1,2,1,1
201,Unown,Psychic,,1,1,1,1,1,1,0.5,1,0,1,0.5,2,1,2,1,2,1,1
202,Wobbuffet,Psychic,,1,1,1,1,1,1,0.5,1,1,1,0.5,2,1,2,1,2,1,1
203,Girafarig,Normal,Psychic,1,1,1,1,1,1,1,1,1,1,0.5,2,1,0,1,2,1,1
204,Pineco,Bug,,1,2,1,1,0.5,1,0.5,1,0.5,2,1,1,2,1,1,1,1,1
205,Forretress,Bug,Steel,0.5,4,1,1,0.25,0.5,1,0,1,1,0.5,0.5,1,1,0.5,1,0.5,0.5
206,Dunsparce,Normal,,1,1,1,1,1,1,2,1,1,1,1,1,1,0,1,1,1,1
207,Gligar,Ground,Flying,1,1,2,0,1,4,0.5,0.5,0,1,1,0.5,1,1,1,1,1,1
208,Steelix,Steel,Ground,0.5,2,2,0,1,1,2,0,2,0.5,0.5,0.5,0.25,1,0.5,1,0.5,0.5
209,Snubbull,Fairy,,1,1,1,1,1,1,0.5,2,1,1,1,0.5,1,1,0,0.5,2,1
210,Granbull,Fairy,,1,1,1,1,1,1,0.5,2,1,1,1,0.5,1,1,0,0.5,2,1
211,Qwilfish,Water,Poison,1,0.5,0.5,2,1,0.5,0.5,0.5,2,1,2,0.5,1,1,1,1,0.5,0.5
212,Scizor,Bug,Steel,0.5,4,1,1,0.25,0.5,1,0,1,1,0.5,0.5,1,1,0.5,1,0.5,0.5
213,Shuckle,Bug,Rock,0.5,1,2,1,1,1,1,0.5,1,1,1,1,2,1,1,1,2,1
214,Heracross,Bug,Fighting,1,2,1,1,0.5,1,0.5,1,0.5,4,2,0.5,1,1,1,0.5,1,2
215,Sneasel,Dark,Ice,1,2,1,1,1,0.5,4,1,1,1,0,2,2,0.5,1,0.5,2,2
216,Teddiursa,Normal,,1,1,1,1,1,1,2,1,1,1,1,1,1,0,1,1,1,1
217,Ursaring,Normal,,1,1,1,1,1,1,2,1,1,1,1,1,1,0,1,1,1,1
218,Slugma,Fire,,1,0.5,2,1,0.5,0.5,1,1,2,1,1,0.5,2,1,1,1,0.5,0.5
219,Magcargo,Fire,Rock,0.5,0.25,4,1,1,0.5,2,0.5,4,0.5,1,0.5,2,1,1,1,1,0.5
220,Swinub,Ice,Ground,1,2,2,0,2,1,2,0.5,1,1,1,1,1,1,1,1,2,1
221,Piloswine,Ice,Ground,1,2,2,0,2,1,2,0.5,1,1,1,1,1,1,1,1,2,1
222,Corsola,Water,Rock,0.5,0.25,1,2,4,0.5,2,0.5,2,0.5,1,1,1,1,1,1,1,1
223,Remoraid,Water,,1,0.5,0.5,2,2,0.5,1,1,1,1,1,1,1,1,1,1,0.5,1
224,Octillery,Water,,1,0.5,0.5,2,2,0.5,1,1,1,1,1,1,1,1,1,1,0.5,1
225,Delibird,Ice,Flying,1,2,1,2,0.5,1,1,1,0,1,1,0.5,4,1,1,1,2,1
226,Mantine,Water,Flying,1,0.5,0.5,4,1,1,0.5,1,0,1,1,0.5,2,1,1,1,0.5,1
227,Skarmory,Steel,Flying,0.5,2,1,2,0.25,1,1,0,0,0.5,0.5,0.25,1,1,0.5,1,0.5,0.5
228,Houndour,Dark,Fire,1,0.5,2,1,0.5,0.5,2,1,2,1,0,1,2,0.5,1,0.5,0.5,1
229,Houndoom,Dark,Fire,1,0.5,2,1,0.5,0.5,2,1,2,1,0,1,2,0.5,1,0.5,0.5,1
230,Kingdra,Water,Dragon,1,0.25,0.25,1,1,1,1,1,1,1,1,1,1,1,2,1,0.5,2
231,Phanpy,Ground,,1,1,2,0,2,2,1,0.5,1,1,1,1,0.5,1,1,1,1,1
232,Donphan,Ground,,1,1,2,0,2,2,1,0.5,1,1,1,1,0.5,1,1,1,1,1
233,Porygon2,Normal,,1,1,1,1,1,1,2,1,1,1,1,1,1,0,1,1,1,1
234,Stantler,Normal,,1,1,1,1,1,1,2,1,1,1,1,1,1,0,1,1,1,1
235,Smeargle,Normal,,1,1,1,1,1,1,2,1,1,1,1,1,1,0,1,1,1,1
236,Tyrogue,Fighting,,1,1,1,1,1,1,1,1,1,2,2,0.5,0.5,1,1,0.5,1,2
237,Hitmontop,Fighting,,1,1,1,1,1,1,1,1,1,2,2,0.5,0.5,1,1,0.5,1,2
238,Smoochum,Ice,Psychic,1,2,1,1,1,0.5,1,1,1,1,0.5,2,2,2,1,2,2,1
239,Elekid,Electric,,1,1,1,0.5,1,1,1,1,2,0.5,1,1,1,1,1,1,0.5,1
240,Magby,Fire,,1,0.5,2,1,0.5,0.5,1,1,2,1,1,0.5,2,1,1,1,0.5,0.5
241,Miltank,Normal,,1,0.5,1,1,1,0.5,2,1,1,1,1,1,1,0,1,1,1,1
242,Blissey,Normal,,1,1,1,1,1,1,2,1,1,1,1,1,1,0,1,1,1,1
243,Raikou,Electric,,1,1,1,0.5,1,1,1,1,2,0.5,1,1,1,1,1,1,0.5,1
244,Entei,Fire,,1,0.5,2,1,0.5,0.5,1,1,2,1,1,0.5,2,1,1,1,0.5,0.5
245,Suicune,Water,,1,0.5,0.5,2,2,0.5,1,1,1,1,1,1,1,1,1,1,0.5,1
246,Larvitar,Rock,Ground,0.5,0.5,4,0,4,2,2,0.25,2,0.5,1,1,0.5,1,1,1,2,1
247,Pupitar,Rock,Ground,0.5,0.5,4,0,4,2,2,0.25,2,0.5,1,1,0.5,1,1,1,2,1
248,Tyranitar,Rock,Dark,0.5,0.5,2,1,2,1,4,0.5,2,0.5,0,2,1,0.5,1,0.5,2,2
249,Lugia,Psychic,Flying,1,1,1,2,0.5,2,0.25,1,0,1,0.5,1,2,2,1,2,1,1
250,Ho-oh,Fire,Flying,1,0.5,2,2,0.25,1,0.5,1,0,1,1,0.25,4,1,1,1,0.5,0.5
251,Celebi,Psychic,Grass,1,2,0.5,0.5,0.5,2,0.5,2,0.5,2,0.5,4,1,2,1,2,1,1
252,Treecko,Grass,,1,2,0.5,0.5,0.5,2,1,2,0.5,2,1,2,1,1,1,1,1,1
253,Grovyle,Grass,,1,2,0.5,0.5,0.5,2,1,2,0.5,2,1,2,1,1,1,1,1,1
254,Sceptile,Grass,,1,2,0.5,0.5,0.5,2,1,2,0.5,2,1,2,1,1,1,1,1,1
255,Torchic,Fire,,1,0.5,2,1,0.5,0.5,1,1,2,1,1,0.5,2,1,1,1,0.5,0.5
256,Combusken,Fire,Fighting,1,0.5,2,1,0.5,0.5,1,1,2,2,2,0.25,1,1,1,0.5,0.5,1
257,Blaziken,Fire,Fighting,1,0.5,2,1,0.5,0.5,1,1,2,2,2,0.25,1,1,1,0.5,0.5,1
258,Mudkip,Water,,1,0.5,0.5,2,2,0.5,1,1,1,1,1,1,1,1,1,1,0.5,1
259,Marshtomp,Water,Ground,1,0.5,1,0,4,1,1,0.5,1,1,1,1,0.5,1,1,1,0.5,1
260,Swampert,Water,Ground,1,0.5,1,0,4,1,1,0.5,1,1,1,1,0.5,1,1,1,0.5,1
261,Poochyena,Dark,,1,1,1,1,1,1,2,1,1,1,0,2,1,0.5,1,0.5,1,2
262,Mightyena,Dark,,1,1,1,1,1,1,2,1,1,1,0,2,1,0.5,1,0.5,1,2
263,Zigzagoon,Normal,,1,1,1,1,1,1,2,1,1,1,1,1,1,0,1,1,1,1
264,Linoone,Normal,,1,1,1,1,1,1,2,1,1,1,1,1,1,0,1,1,1,1
265,Wurmple,Bug,,1,2,1,1,0.5,1,0.5,1,0.5,2,1,1,2,1,1,1,1,1
266,Silcoon,Bug,,1,2,1,1,0.5,1,0.5,1,0.5,2,1,1,2,1,1,1,1,1
267,Beautifly,Bug,Flying,1,2,1,2,0.25,2,0.25,1,0,2,1,0.5,4,1,1,1,1,1
268,Cascoon,Bug,,1,2,1,1,0.5,1,0.5,1,0.5,2,1,1,2,1,1,1,1,1
269,Dustox,Bug,Poison,1,2,1,1,0.25,1,0.25,0.5,1,2,2,0.5,2,1,1,1,1,0.5
270,Lotad,Water,Grass,1,1,0.25,1,1,1,1,2,0.5,2,1,2,1,1,1,1,0.5,1
271,Lombre,Water,Grass,1,1,0.25,1,1,1,1,2,0.5,2,1,2,1,1,1,1,0.5,1
272,Ludicolo,Water,Grass,1,1,0.25,1,1,1,1,2,0.5,2,1,2,1,1,1,1,0.5,1
273,Seedot,Grass,,1,2,0.5,0.5,0.5,2,1,2,0.5,2,1,2,1,1,1,1,1,1
274,Nuzleaf,Grass,Dark,1,2,0.5,0.5,0.5,2,2,2,0.5,2,0,4,1,0.5,1,0.5,1,2
275,Shiftry,Grass,Dark,1,2,0.5,0.5,0.5,2,2,2,0.5,2,0,4,1,0.5,1,0.5,1,2
276,Taillow,Normal,Flying,1,1,1,2,0.5,2,1,1,0,1,1,0.5,2,0,1,1,1,1
277,Swellow,Normal,Flying,1,1,1,2,0.5,2,1,1,0,1,1,0.5,2,0,1,1,1,1
278,Wingull,Water,Flying,1,0.5,0.5,4,1,1,0.5,1,0,1,1,0.5,2,1,1,1,0.5,1
279,Pelipper,Water,Flying,1,0.5,0.5,4,1,1,0.5,1,0,1,1,0.5,2,1,1,1,0.5,1
280,Ralts,Psychic,Fairy,1,1,1,1,1,1,0.25,2,1,1,0.5,1,1,2,0,1,2,1
281,Kirlia,Psychic,Fairy,1,1,1,1,1,1,0.25,2,1,1,0.5,1,1,2,0,1,2,1
282,Gardevoir,Psychic,Fairy,1,1,1,1,1,1,0.25,2,1,1,0.5,1,1,2,0,1,2,1
283,Surskit,Bug,Water,1,1,0.5,2,1,0.5,0.5,1,0.5,2,1,1,2,1,1,1,0.5,1
284,Masquerain,Bug,Flying,1,2,1,2,0.25,2,0.25,1,0,2,1,0.5,4,1,1,1,1,1
285,Shroomish,Grass,,1,2,0.5,0.5,0.5,2,1,2,0.5,2,1,2,1,1,1,1,1,1
286,Breloom,Grass,Fighting,1,2,0.5,0.5,0.5,2,1,2,0.5,4,2,1,0.5,1,1,0.5,1,2
287,Slakoth,Normal,,1,1,1,1,1,1,2,1,1,1,1,1,1,0,1,1,1,1
288,Vigoroth,Normal,,1,1,1,1,1,1,2,1,1,1,1,1,1,0,1,1,1,1
289,Slaking,Normal,,1,1,1,1,1,1,2,1,1,1,1,1,1,0,1,1,1,1
290,Nincada,Bug,Ground,1,2,2,0,1,2,0.5,0.5,0.5,2,1,1,1,1,1,1,1,1
291,Ninjask,Bug,Flying,1,2,1,2,0.25,2,0.25,1,0,2,1,0.5,4,1,1,1,1,1
292,Shedinja,Bug,Ghost,0,2,0,0,0,0,0,0,0,2,0,0,2,2,0,2,0,0
293,Whismur,Normal,,1,1,1,1,1,1,2,1,1,1,1,1,1,0,1,1,1,1
294,Loudred,Normal,,1,1,1,1,1,1,2,1,1,1,1,1,1,0,1,1,1,1
295,Exploud,Normal,,1,1,1,1,1,1,2,1,1,1,1,1,1,0,1,1,1,1
296,Makuhita,Fighting,,1,0.5,1,1,1,0.5,1,1,1,2,2,0.5,0.5,1,1,0.5,1,2
297,Hariyama,Fighting,,1,0.5,1,1,1,0.5,1,1,1,2,2,0.5,0.5,1,1,0.5,1,2
298,Azurill,Normal,Fairy,1,0.5,1,1,1,0.5,1,2,1,1,1,0.5,1,0,0,0.5,2,1
299,Nosepass,Rock,,0.5,0.5,2,1,2,1,2,0.5,2,0.5,1,1,1,1,1,1,2,1
300,Skitty,Normal,,1,1,1,1,1,1,2,1,1,1,1,1,1,0,1,1,1,1
301,Delcatty,Normal,,1,1,1,1,1,1,2,1,1,1,1,1,1,0,1,1,1,1
302,Sableye,Dark,Ghost,0,1,1,1,1,1,0,0.5,1,1,0,1,1,1,1,1,1,2
303,Mawile,Steel,Fairy,0.5,2,1,1,0.5,0.5,1,0,2,0.5,0.5,0.25,0.5,1,0,0.5,1,0.5
304,Aron,Steel,Rock,0.25,1,2,1,1,0.5,4,0,4,0.25,0.5,0.5,0.5,1,0.5,1,1,0.5
305,Lairon,Steel,Rock,0.25,1,2,1,1,0.5,4,0,4,0.25,0.5,0.5,0.5,1,0.5,1,1,0.5
306,Aggron,Steel,Rock,0.25,1,2,1,1,0.5,4,0,4,0.25,0.5,0.5,0.5,1,0.5,1,1,0.5
307,Meditite,Fighting,Psychic,1,1,1,1,1,1,0.5,1,1,2,1,1,0.5,2,1,1,1,2
308,Medicham,Fighting,Psychic,1,1,1,1,1,1,0.5,1,1,2,1,1,0.5,2,1,1,1,2
309,Electrike,Electric,,1,1,1,0.5,1,1,1,1,2,0.5,1,1,1,1,1,1,0.5,1
310,Manectric,Electric,,1,1,1,0.5,1,1,1,1,2,0.5,1,1,1,1,1,1,0.5,1
311,Plusle,Electric,,1,1,1,0.5,1,1,1,1,2,0.5,1,1,1,1,1,1,0.5,1
312,Minun,Electric,,1,1,1,0.5,1,1,1,1,2,0.5,1,1,1,1,1,1,0.5,1
313,Volbeat,Bug,,1,2,1,1,0.5,1,0.5,1,0.5,2,1,1,2,1,1,1,1,1
314,Illumise,Bug,,1,2,1,1,0.5,1,0.5,1,0.5,2,1,1,2,1,1,1,1,1
315,Roselia,Grass,Poison,1,2,0.5,0.5,0.25,2,0.5,1,1,2,2,1,1,1,1,1,1,0.5
316,Gulpin,Poison,,1,1,1,1,0.5,1,0.5,0.5,2,1,2,0.5,1,1,1,1,1,0.5
317,Swalot,Poison,,1,1,1,1,0.5,1,0.5,0.5,2,1,2,0.5,1,1,1,1,1,0.5
318,Carvanha,Water,Dark,1,0.5,0.5,2,2,0.5,2,1,1,1,0,2,1,0.5,1,0.5,0.5,2
319,Sharpedo,Water,Dark,1,0.5,0.5,2,2,0.5,2,1,1,1,0,2,1,0.5,1,0.5,0.5,2
320,Wailmer,Water,,1,0.5,0.5,2,2,0.5,1,1,1,1,1,1,1,1,1,1,0.5,1
321,Wailord,Water,,1,0.5,0.5,2,2,0.5,1,1,1,1,1,1,1,1,1,1,0.5,1
322,Numel,Fire,Ground,1,0.5,4,0,1,1,1,0.5,2,1,1,0.5,1,1,1,1,0.5,0.5
323,Camerupt,Fire,Ground,1,0.5,4,0,1,1,1,0.5,2,1,1,0.5,1,1,1,1,0.5,0.5
324,Torkoal,Fire,,1,0.5,2,1,0.5,0.5,1,1,2,1,1,0.5,2,1,1,1,0.5,0.5
325,Spoink,Psychic,,1,0.5,1,1,1,0.5,0.5,1,1,1,0.5,2,1,2,1,2,1,1
326,Grumpig,Psychic,,1,0.5,1,1,1,0.5,0.5,1,1,1,0.5,2,1,2,1,2,1,1
327,Spinda,Normal,,1,1,1,1,1,1,2,1,1,1,1,1,1,0,1,1,1,1
328,Trapinch,Ground,,1,1,2,0,2,2,1,0.5,1,1,1,1,0.5,1,1,1,1,1
329,Vibrava,Ground,Dragon,1,0.5,1,0,1,4,1,0.5,0,1,1,1,0.5,1,2,1,1,2
330,Flygon,Ground,Dragon,1,0.5,1,0,1,4,1,0.5,0,1,1,1,0.5,1,2,1,1,2
331,Cacnea,Grass,,1,2,0.5,0.5,0.5,2,1,2,0.5,2,1,2,1,1,1,1,1,1
332,Cacturne,Grass,Dark,1,2,0.5,0.5,0.5,2,2,2,0.5,2,0,4,1,0.5,1,0.5,1,2
333,Swablu,Normal,Flying,1,1,1,2,0.5,2,1,1,0,1,1,0.5,2,0,1,1,1,1
334,Altaria,Dragon,Flying,1,0.5,0.5,1,0.25,4,0.5,1,0,1,1,0.5,2,1,2,1,1,2
335,Zangoose,Normal,,1,1,1,1,1,1,2,1,1,1,1,1,1,0,1,1,1,1
336,Seviper,Poison,,1,1,1,1,0.5,1,0.5,0.5,2,1,2,0.5,1,1,1,1,1,0.5
337,Lunatone,Rock,Psychic,0.5,0.5,2,1,2,1,1,0.5,0,0.5,0.5,2,1,2,1,2,2,1
338,Solrock,Rock,Psychic,0.5,0.5,2,1,2,1,1,0.5,0,0.5,0.5,2,1,2,1,2,2,1
339,Barboach,Water,Ground,1,0.5,1,0,4,1,1,0.5,1,1,1,1,0.5,1,1,1,0.5,1
340,Whiscash,Water,Ground,1,0.5,1,0,4,1,1,0.5,1,1,1,1,0.5,1,1,1,0.5,1
341,Corphish,Water,,1,0.5,0.5,2,2,0.5,1,1,1,1,1,1,1,1,1,1,0.5,1
342,Crawdaunt,Water,Dark,1,0.5,0.5,2,2,0.5,2,1,1,1,0,2,1,0.5,1,0.5,0.5,2
343,Baltoy,Ground,Psychic,1,1,2,0,2,2,0.5,0.5,0,1,0.5,2,0.5,2,1,2,1,1
344,Claydol,Ground,Psychic,1,1,2,0,2,2,0.5,0.5,0,1,0.5,2,0.5,2,1,2,1,1
345,Lileep,Rock,Grass,0.5,1,1,0.5,1,2,2,1,1,1,1,2,1,1,1,1,2,1
346,Cradily,Rock,Grass,0.5,1,1,0.5,1,2,2,1,1,1,1,2,1,1,1,1,2,1
347,Anorith,Rock,Bug,0.5,1,2,1,1,1,1,0.5,1,1,1,1,2,1,1,1,2,1
348,Armaldo,Rock,Bug,0.5,1,2,1,1,1,1,0.5,1,1,1,1,2,1,1,1,2,1
349,Feebas,Water,,1,0.5,0.5,2,2,0.5,1,1,1,1,1,1,1,1,1,1,0.5,1
350,Milotic,Water,,1,0.5,0.5,2,2,0.5,1,1,1,1,1,1,1,1,1,1,0.5,1
351,Castform,Normal,,1,1,1,1,1,1,2,1,1,1,1,1,1,0,1,1,1,1
352,Kecleon,Normal,,1,1,1,1,1,1,2,1,1,1,1,1,1,0,1,1,1,1
353,Shuppet,Ghost,,0,1,1,1,1,1,0,0.5,1,1,1,0.5,1,2,1,2,1,1
354,Banette,Ghost,,0,1,1,1,1,1,0,0.5,1,1,1,0.5,1,2,1,2,1,1
355,Duskull,Ghost,,0,1,1,1,1,1,0,0.5,0,1,1,0.5,1,2,1,2,1,1
356,Dusclops,Ghost,,0,1,1,1,1,1,0,0.5,1,1,1,0.5,1,2,1,2,1,1
357,Tropius,Grass,Flying,1,2,0.5,1,0.25,4,0.5,2,0,2,1,1,2,1,1,1,1,1
358,Chimecho,Psychic,,1,1,1,1,1,1,0.5,1,0,1,0.5,2,1,2,1,2,1,1
359,Absol,Dark,,1,1,1,1,1,1,2,1,1,1,0,2,1,0.5,1,0.5,1,2
360,Wynaut,Psychic,,1,1,1,1,1,1,0.5,1,1,1,0.5,2,1,2,1,2,1,1
361,Snorunt,Ice,,1,2,1,1,1,0.5,2,1,1,1,1,1,2,1,1,1,2,1
362,Glalie,Ice,,1,2,1,1,1,0.5,2,1,1,1,1,1,2,1,1,1,2,1
363,Spheal,Ice,Water,1,0.5,0.5,2,2,0.3333333333333333,2,1,1,1,1,1,2,1,1,1,1,1
364,Sealeo,Ice,Water,1,0.5,0.5,2,2,0.3333333333333333,2,1,1,1,1,1,2,1,1,1,1,1
365,Walrein,Ice,Water,1,0.5,0.5,2,2,0.3333333333333333,2,1,1,1,1,1,2,1,1,1,1,1
366,Clamperl,Water,,1,0.5,0.5,2,2,0.5,1,1,1,1,1,1,1,1,1,1,0.5,1
367,Huntail,Water,,1,0.5,0.5,2,2,0.5,1,1,1,1,1,1,1,1,1,1,0.5,1
368,Gorebyss,Water,,1,0.5,0.5,2,2,0.5,1,1,1,1,1,1,1,1,1,1,0.5,1
369,Relicanth,Water,Rock,0.5,0.25,1,2,4,0.5,2,0.5,2,0.5,1,1,1,1,1,1,1,1
370,Luvdisc,Water,,1,0.5,0.5,2,2,0.5,1,1,1,1,1,1,1,1,1,1,0.5,1
371,Bagon,Dragon,,1,0.5,0.5,0.5,0.5,2,1,1,1,1,1,1,1,1,2,1,1,2
372,Shelgon,Dragon,,1,0.5,0.5,0.5,0.5,2,1,1,1,1,1,1,1,1,2,1,1,2
373,Salamence,Dragon,Flying,1,0.5,0.5,1,0.25,4,0.5,1,0,1,1,0.5,2,1,2,1,1,2
374,Beldum,Steel,Psychic,0.5,2,1,1,0.5,0.5,1,0,2,0.5,0.25,1,0.5,2,0.5,2,0.5,0.5
375,Metang,Steel,Psychic,0.5,2,1,1,0.5,0.5,1,0,2,0.5,0.25,1,0.5,2,0.5,2,0.5,0.5
376,Metagross,Steel,Psychic,0.5,2,1,1,0.5,0.5,1,0,2,0.5,0.25,1,0.5,2,0.5,2,0.5,0.5
377,Regirock,Rock,,0.5,0.5,2,1,2,1,2,0.5,2,0.5,1,1,1,1,1,1,2,1
378,Regice,Ice,,1,2,1,1,1,0.5,2,1,1,1,1,1,2,1,1,1,2,1
379,Registeel,Steel,,0.5,2,1,1,0.5,0.5,2,0,2,0.5,0.5,0.5,0.5,1,0.5,1,0.5,0.5
380,Latias,Dragon,Psychic,1,0.5,0.5,0.5,0.5,2,0.5,1,0,1,0.5,2,1,2,2,2,1,2
381,Latios,Dragon,Psychic,1,0.5,0.5,0.5,0.5,2,0.5,1,0,1,0.5,2,1,2,2,2,1,2
382,Kyogre,Water,,1,0.5,0.5,2,2,0.5,1,1,1,1,1,1,1,1,1,1,0.5,1
383,Groudon,Ground,,1,1,2,0,2,2,1,0.5,1,1,1,1,0.5,1,1,1,1,1
384,Rayquaza,Dragon,Flying,1,0.5,0.5,1,0.25,4,0.5,1,0,1,1,0.5,2,1,2,1,1,2
385,Jirachi,Steel,Psychic,0.5,2,1,1,0.5,0.5,1,0,2,0.5,0.25,1,0.5,2,0.5,2,0.5,0.5
386,Deoxys,Psychic,,1,1,1,1,1,1,0.5,1,1,1,0.5,2,1,2,1,2,1,1
387,Turtwig,Grass,,1,2,0.5,0.5,0.5,2,1,2,0.5,2,1,2,1,1,1,1,1,1
388,Grotle,Grass,,1,2,0.5,0.5,0.5,2,1,2,0.5,2,1,2,1,1,1,1,1,1
389,Torterra,Grass,Ground,1,2,1,0,1,4,1,1,0.5,2,1,2,0.5,1,1,1,1,1
390,Chimchar,Fire,,1,0.5,2,1,0.5,0.5,1,1,2,1,1,0.5,2,1,1,1,0.5,0.5
391,Monferno,Fire,Fighting,1,0.5,2,1,0.5,0.5,1,1,2,2,2,0.25,1,1,1,0.5,0.5,1
392,Infernape,Fire,Fighting,1,0.5,2,1,0.5,0.5,1,1,2,2,2,0.25,1,1,1,0.5,0.5,1
393,Piplup,Water,,1,0.5,0.5,2,2,0.5,1,1,1,1,1,1,1,1,1,1,0.5,1
394,Prinplup,Water,,1,0.5,0.5,2,2,0.5,1,1,1,1,1,1,1,1,1,1,0.5,1
395,Empoleon,Water,Steel,0.5,1,0.5,2,1,0.25,2,0,2,0.5,0.5,0.5,0.5,1,0.5,1,0.25,0.5
396,Starly,Normal,Flying,1,1,1,2,0.5,2,1,1,0,1,1,0.5,2,0,1,1,1,1
397,Staravia,Normal,Flying,1,1,1,2,0.5,2,1,1,0,1,1,0.5,2,0,1,1,1,1
398,Staraptor,Normal,Flying,1,1,1,2,0.5,2,1,1,0,1,1,0.5,2,0,1,1,1,1
399,Bidoof,Normal,,1,1,1,1,1,1,2,1,1,1,1,1,1,0,1,1,1,1
400,Bibarel,Normal,Water,1,0.5,0.5,2,2,0.5,2,1,1,1,1,1,1,0,1,1,0.5,1
401,Kricketot,Bug,,1,2,1,1,0.5,1,0.5,1,0.5,2,1,1,2,1,1,1,1,1
402,Kricketune,Bug,,1,2,1,1,0.5,1,0.5,1,0.5,2,1,1,2,1,1,1,1,1
403,Shinx,Electric,,1,1,1,0.5,1,1,1,1,2,0.5,1,1,1,1,1,1,0.5,1
404,Luxio,Electric,,1,1,1,0.5,1,1,1,1,2,0.5,1,1,1,1,1,1,0.5,1
405,Luxray,Electric,,1,1,1,0.5,1,1,1,1,2,0.5,1,1,1,1,1,1,0.5,1
406,Budew,Grass,Poison,1,2,0.5,0.5,0.25,2,0.5,1,1,2,2,1,1,1,1,1,1,0.5
407,Roserade,Grass,Poison,1,2,0.5,0.5,0.25,2,0.5,1,1,2,2,1,1,1,1,1,1,0.5
408,Cranidos,Rock,,0.5,0.5,2,1,2,1,2,0.5,2,0.5,1,1,1,1,1,1,2,1
409,Rampardos,Rock,,0.5,0.5,2,1,2,1,2,0.5,2,0.5,1,1,1,1,1,1,2,1
410,Shieldon,Rock,Steel,0.25,1,2,1,1,0.5,4,0,4,0.25,0.5,0.5,0.5,1,0.5,1,1,0.5
411,Bastiodon,Rock,Steel,0.25,1,2,1,1,0.5,4,0,4,0.25,0.5,0.5,0.5,1,0.5,1,1,0.5
412,Burmy,Bug,,1,2,1,1,0.5,1,0.5,1,0.5,2,1,1,2,1,1,1,1,1
413,Wormadam,Bug,Grass,1,4,0.5,0.5,0.25,2,0.5,2,0.25,4,1,2,2,1,1,1,1,1
414,Mothim,Bug,Flying,1,2,1,2,0.25,2,0.25,1,0,2,1,0.5,4,1,1,1,1,1
415,Combee,Bug,Flying,1,2,1,2,0.25,2,0.25,1,0,2,1,0.5,4,1,1,1,1,1
416,Vespiquen,Bug,Flying,1,2,1,2,0.25,2,0.25,1,0,2,1,0.5,4,1,1,1,1,1
417,Pachirisu,Electric,,1,1,1,0.5,1,1,1,1,2,0.5,1,1,1,1,1,1,0.5,1
418,Buizel,Water,,1,0.5,0.5,2,2,0.5,1,1,1,1,1,1,1,1,1,1,0.5,1
419,Floatzel,Water,,1,0.5,0.5,2,2,0.5,1,1,1,1,1,1,1,1,1,1,0.5,1
420,Cherubi,Grass,,1,2,0.5,0.5,0.5,2,1,2,0.5,2,1,2,1,1,1,1,1,1
421,Cherrim,Grass,,1,2,0.5,0.5,0.5,2,1,2,0.5,2,1,2,1,1,1,1,1,1
422,Shellos,Water,,1,0.5,0.5,2,2,0.5,1,1,1,1,1,1,1,1,1,1,0.5,1
423,Gastrodon,Water,Ground,1,0.5,1,0,4,1,1,0.5,1,1,1,1,0.5,1,1,1,0.5,1
424,Ambipom,Normal,,1,1,1,1,1,1,2,1,1,1,1,1,1,0,1,1,1,1
425,Drifloon,Ghost,Flying,0,1,1,2,0.5,2,0,0.5,0,1,1,0.25,2,2,1,2,1,1
426,Drifblim,Ghost,Flying,0,1,1,2,0.5,2,0,0.5,0,1,1,0.25,2,2,1,2,1,1
427,Buneary,Normal,,1,1,1,1,1,1,2,1,1,1,1,1,1,0,1,1,1,1
428,Lopunny,Normal,,1,1,1,1,1,1,2,1,1,1,1,1,1,0,1,1,1,1
429,Mismagius,Ghost,,0,1,1,1,1,1,0,0.5,0,1,1,0.5,1,2,1,2,1,1
430,Honchkrow,Dark,Flying,1,1,1,2,0.5,2,1,1,0,1,0,1,2,0.5,1,0.5,1,2
431,Glameow,Normal,,1,1,1,1,1,1,2,1,1,1,1,1,1,0,1,1,1,1
432,Purugly,Normal,,1,0.5,1,1,1,0.5,2,1,1,1,1,1,1,0,1,1,1,1
433,Chingling,Psychic,,1,1,1,1,1,1,0.5,1,0,1,0.5,2,1,2,1,2,1,1
434,Stunky,Poison,Dark,1,1,1,1,0.5,1,1,0.5,2,1,0,1,1,0.5,1,0.5,1,1
435,Skuntank,Poison,Dark,1,1,1,1,0.5,1,1,0.5,2,1,0,1,1,0.5,1,0.5,1,1
436,Bronzor,Steel,Psychic,0.5,2,1,1,0.5,0.5,1,0,0,0.5,0.25,1,0.5,2,0.5,2,0.5,0.5
437,Bronzong,Steel,Psychic,0.5,2,1,1,0.5,0.5,1,0,0,0.5,0.25,1,0.5,2,0.5,2,0.5,0.5
438,Bonsly,Rock,,0.5,0.5,2,1,2,1,2,0.5,2,0.5,1,1,1,1,1,1,2,1
439,Mime Jr.,Psychic,Fairy,1,1,1,1,1,1,0.25,2,1,1,0.5,1,1,2,0,1,2,1
440,Happiny,Normal,,1,1,1,1,1,1,2,1,1,1,1,1,1,0,1,1,1,1
441,Chatot,Normal,Flying,1,1,1,2,0.5,2,1,1,0,1,1,0.5,2,0,1,1,1,1
442,Spiritomb,Ghost,Dark,0,1,1,1,1,1,0,0.5,1,1,0,1,1,1,1,1,1,2
443,Gible,Dragon,Ground,1,0.5,1,0,1,4,1,0.5,1,1,1,1,0.5,1,2,1,1,2
444,Gabite,Dragon,Ground,1,0.5,1,0,1,4,1,0.5,1,1,1,1,0.5,1,2,1,1,2
445,Garchomp,Dragon,Ground,1,0.5,1,0,1,4,1,0.5,1,1,1,1,0.5,1,2,1,1,2
446,Munchlax,Normal,,1,1,1,1,1,1,2,1,1,1,1,1,1,0,1,1,1,1
447,Riolu,Fighting,,1,1,1,1,1,1,1,1,1,2,2,0.5,0.5,1,1,0.5,1,2
448,Lucario,Fighting,Steel,0.5,2,1,1,0.5,0.5,2,0,2,1,1,0.25,0.25,1,0.5,0.5,0.5,1
449,Hippopotas,Ground,,1,1,2,0,2,2,1,0.5,1,1,1,1,0.5,1,1,1,1,1
450,Hippowdon,Ground,,1,1,2,0,2,2,1,0.5,1,1,1,1,0.5,1,1,1,1,1
451,Skorupi,Poison,Bug,1,2,1,1,0.25,1,0.25,0.5,1,2,2,0.5,2,1,1,1,1,0.5
452,Drapion,Poison,Dark,1,1,1,1,0.5,1,1,0.5,2,1,0,1,1,0.5,1,0.5,1,1
453,Croagunk,Poison,Fighting,1,1,1,1,0.5,1,0.5,0.5,2,2,4,0.25,0.5,1,1,0.5,1,1
454,Toxicroak,Poison,Fighting,1,1,1,1,0.5,1,0.5,0.5,2,2,4,0.25,0.5,1,1,0.5,1,1
455,Carnivine,Grass,,1,2,0.5,0.5,0.5,2,1,2,0,2,1,2,1,1,1,1,1,1
456,Finneon,Water,,1,0.5,0.5,2,2,0.5,1,1,1,1,1,1,1,1,1,1,0.5,1
457,Lumineon,Water,,1,0.5,0.5,2,2,0.5,1,1,1,1,1,1,1,1,1,1,0.5,1
458,Mantyke,Water,Flying,1,0.5,0.5,4,1,1,0.5,1,0,1,1,0.5,2,1,1,1,0.5,1
459,Snover,Grass,Ice,1,4,0.5,0.5,0.5,1,2,2,0.5,2,1,2,2,1,1,1,2,1
460,Abomasnow,Grass,Ice,1,4,0.5,0.5,0.5,1,2,2,0.5,2,1,2,2,1,1,1,2,1
461,Weavile,Dark,Ice,1,2,1,1,1,0.5,4,1,1,1,0,2,2,0.5,1,0.5,2,2
462,Magnezone,Electric,Steel,0.5,2,1,0.5,0.5,0.5,2,0,4,0.25,0.5,0.5,0.5,1,0.5,1,0.25,0.5
463,Lickilicky,Normal,,1,1,1,1,1,1,2,1,1,1,1,1,1,0,1,1,1,1
464,Rhyperior,Ground,Rock,0.5,0.5,4,0,4,2,2,0.25,2,0.5,1,1,0.5,1,1,1,2,1
465,Tangrowth,Grass,,1,2,0.5,0.5,0.5,2,1,2,0.5,2,1,2,1,1,1,1,1,1
466,Electivire,Electric,,1,1,1,0,1,1,1,1,2,0.5,1,1,1,1,1,1,0.5,1
467,Magmortar,Fire,,1,0.5,2,1,0.5,0.5,1,1,2,1,1,0.5,2,1,1,1,0.5,0.5
468,Togekiss,Fairy,Flying,1,1,1,2,0.5,2,0.25,2,0,1,1,0.25,2,1,0,0.5,2,1
469,Yanmega,Bug,Flying,1,2,1,2,0.25,2,0.25,1,0,2,1,0.5,4,1,1,1,1,1
470,Leafeon,Grass,,1,2,0.5,0.5,0.5,2,1,2,0.5,2,1,2,1,1,1,1,1,1
471,Glaceon,Ice,,1,2,1,1,1,0.5,2,1,1,1,1,1,2,1,1,1,2,1
472,Gliscor,Ground,Flying,1,1,2,0,1,4,0.5,0.5,0,1,1,0.5,1,1,1,1,1,1
473,Mamoswine,Ice,Ground,1,2,2,0,2,1,2,0.5,1,1,1,1,1,1,1,1,2,1
474,Porygon-Z,Normal,,1,1,1,1,1,1,2,1,1,1,1,1,1,0,1,1,1,1
475,Gallade,Psychic,Fighting,1,1,1,1,1,1,0.5,1,1,2,1,1,0.5,2,1,1,1,2
476,Probopass,Rock,Steel,0.25,1,2,1,1,0.5,4,0,4,0.25,0.5,0.5,0.5,1,0.5,1,1,0.5
477,Dusknoir,Ghost,,0,1,1,1,1,1,0,0.5,1,1,1,0.5,1,2,1,2,1,1
478,Froslass,Ice,Ghost,0,2,1,1,1,0.5,0,0.5,1,1,1,0.5,2,2,1,2,2,1
479,Rotom,Electric,Ghost,0,1,1,0.5,1,1,0,0.5,0,0.5,1,0.5,1,2,1,2,0.5,1
480,Uxie,Psychic,,1,1,1,1,1,1,0.5,1,0,1,0.5,2,1,2,1,2,1,1
481,Mesprit,Psychic,,1,1,1,1,1,1,0.5,1,0,1,0.5,2,1,2,1,2,1,1
482,Azelf,Psychic,,1,1,1,1,1,1,0.5,1,0,1,0.5,2,1,2,1,2,1,1
483,Dialga,Steel,Dragon,0.5,1,0.5,0.5,0.25,1,2,0,2,0.5,0.5,0.5,0.5,1,1,1,0.5,1
484,Palkia,Water,Dragon,1,0.25,0.25,1,1,1,1,1,1,1,1,1,1,1,2,1,0.5,2
485,Heatran,Fire,Steel,0.5,0,2,1,0.25,0.25,2,0,4,0.5,0.5,0.25,1,1,0.5,1,0.25,0.25
486,Regigigas,Normal,,1,1,1,1,1,1,2,1,1,1,1,1,1,0,1,1,1,1
487,Giratina,Ghost,Dragon,0,0.5,0.5,0.5,0.5,2,0,0.5,1,1,1,0.5,1,2,2,2,1,2
488,Cresselia,Psychic,,1,1,1,1,1,1,0.5,1,0,1,0.5,2,1,2,1,2,1,1
489,Phione,Water,,1,0.5,0.5,2,2,0.5,1,1,1,1,1,1,1,1,1,1,0.5,1
490,Manaphy,Water,,1,0.5,0.5,2,2,0.5,1,1,1,1,1,1,1,1,1,1,0.5,1
491,Darkrai,Dark,,1,1,1,1,1,1,2,1,1,1,0,2,1,0.5,1,0.5,1,2
492,Shaymin,Grass,,1,2,0.5,0.5,0.5,2,1,2,0.5,2,1,2,1,1,1,1,1,1
493,Arceus,Normal,,1,1,1,1,1,1,2,1,1,1,1,1,1,0,1,1,1,1
494,Victini,Psychic,Fire,1,0.5,2,1,0.5,0.5,0.5,1,2,1,0.5,1,2,2,1,2,0.5,0.5
495,Snivy,Grass,,1,2,0.5,0.5,0.5,2,1,2,0.5,2,1,2,1,1,1,1,1,1
496,Servine,Grass,,1,2,0.5,0.5,0.5,2,1,2,0.5,2,1,2,1,1,1,1,1,1
497,Serperior,Grass,,1,2,0.5,0.5,0.5,2,1,2,0.5,2,1,2,1,1,1,1,1,1
498,Tepig,Fire,,1,0.5,2,1,0.5,0.5,1,1,2,1,1,0.5,2,1,1,1,0.5,0.5
499,Pignite,Fire,Fighting,1,0.5,2,1,0.5,0.5,1,1,2,2,2,0.25,1,1,1,0.5,0.5,1
500,Emboar,Fire,Fighting,1,0.5,2,1,0.5,0.5,1,1,2,2,2,0.25,1,1,1,0.5,0.5,1
501,Oshawott,Water,,1,0.5,0.5,2,2,0.5,1,1,1,1,1,1,1,1,1,1,0.5,1
502,Dewott,Water,,1,0.5,0.5,2,2,0.5,1,1,1,1,1,1,1,1,1,1,0.5,1
503,Samurott,Water,,1,0.5,0.5,2,2,0.5,1,1,1,1,1,1,1,1,1,1,0.5,1
504,Patrat,Normal,,1,1,1,1,1,1,2,1,1,1,1,1,1,0,1,1,1,1
505,Watchog,Normal,,1,1,1,1,1,1,2,1,1,1,1,1,1,0,1,1,1,1
506,Lillipup,Normal,,1,1,1,1,1,1,2,1,1,1,1,1,1,0,1,1,1,1
507,Herdier,Normal,,1,1,1,1,1,1,2,1,1,1,1,1,1,0,1,1,1,1
508,Stoutland,Normal,,1,1,1,1,1,1,2,1,1,1,1,1,1,0,1,1,1,1
509,Purrloin,Dark,,1,1,1,1,1,1,2,1,1,1,0,2,1,0.5,1,0.5,1,2
510,Liepard,Dark,,1,1,1,1,1,1,2,1,1,1,0,2,1,0.5,1,0.5,1,2
511,Pansage,Grass,,1,2,0.5,0.5,0.5,2,1,2,0.5,2,1,2,1,1,1,1,1,1
512,Simisage,Grass,,1,2,0.5,0.5,0.5,2,1,2,0.5,2,1,2,1,1,1,1,1,1
513,Pansear,Fire,,1,0.5,2,1,0.5,0.5,1,1,2,1,1,0.5,2,1,1,1,0.5,0.5
514,Simisear,Fire,,1,0.5,2,1,0.5,0.5,1,1,2,1,1,0.5,2,1,1,1,0.5,0.5
515,Panpour,Water,,1,0.5,0.5,2,2,0.5,1,1,1,1,1,1,1,1,1,1,0.5,1
516,Simipour,Water,,1,0.5,0.5,2,2,0.5,1,1,1,1,1,1,1,1,1,1,0.5,1
517,Munna,Psychic,,1,1,1,1,1,1,0.5,1,1,1,0.5,2,1,2,1,2,1,1
518,Musharna,Psychic,,1,1,1,1,1,1,0.5,1,1,1,0.5,2,1,2,1,2,1,1
519,Pidove,Normal,Flying,1,1,1,2,0.5,2,1,1,0,1,1,0.5,2,0,1,1,1,1
520,Tranquill,Normal,Flying,1,1,1,2,0.5,2,1,1,0,1,1,0.5,2,0,1,1,1,1
521,Unfezant,Normal,Flying,1,1,1,2,0.5,2,1,1,0,1,1,0.5,2,0,1,1,1,1
522,Blitzle,Electric,,1,1,1,0,1,1,1,1,2,0.5,1,1,1,1,1,1,0.5,1
523,Zebstrika,Electric,,1,1,1,0,1,1,1,1,2,0.5,1,1,1,1,1,1,0.5,1
524,Roggenrola,Rock,,0.5,0.5,2,1,2,1,2,0.5,2,0.5,1,1,1,1,1,1,2,1
525,Boldore,Rock,,0.5,0.5,2,1,2,1,2,0.5,2,0.5,1,1,1,1,1,1,2,1
526,Gigalith,Rock,,0.5,0.5,2,1,2,1,2,0.5,2,0.5,1,1,1,1,1,1,2,1
527,Woobat,Psychic,Flying,1,1,1,2,0.5,2,0.25,1,0,1,0.5,1,2,2,1,2,1,1
528,Swoobat,Psychic,Flying,1,1,1,2,0.5,2,0.25,1,0,1,0.5,1,2,2,1,2,1,1
529,Drilbur,Ground,,1,1,2,0,2,2,1,0.5,1,1,1,1,0.5,1,1,1,1,1
530,Excadrill,Ground,Steel,0.5,2,2,0,1,1,2,0,2,0.5,0.5,0.5,0.25,1,0.5,1,0.5,0.5
531,Audino,Normal,,1,1,1,1,1,1,2,1,1,1,1,1,1,0,1,1,1,1
532,Timburr,Fighting,,1,1,1,1,1,1,1,1,1,2,2,0.5,0.5,1,1,0.5,1,2
533,Gurdurr,Fighting,,1,1,1,1,1,1,1,1,1,2,2,0.5,0.5,1,1,0.5,1,2
534,Conkeldurr,Fighting,,1,1,1,1,1,1,1,1,1,2,2,0.5,0.5,1,1,0.5,1,2
535,Tympole,Water,,1,0.5,0.5,2,2,0.5,1,1,1,1,1,1,1,1,1,1,0.5,1
536,Palpitoad,Water,Ground,1,0.5,1,0,4,1,1,0.5,1,1,1,1,0.5,1,1,1,0.5,1
537,Seismitoad,Water,Ground,1,0.5,1,0,4,1,1,0.5,1,1,1,1,0.5,1,1,1,0.5,1
538,Throh,Fighting,,1,1,1,1,1,1,1,1,1,2,2,0.5,0.5,1,1,0.5,1,2
539,Sawk,Fighting,,1,1,1,1,1,1,1,1,1,2,2,0.5,0.5,1,1,0.5,1,2
540,Sewaddle,Bug,Grass,1,4,0.5,0.5,0.25,2,0.5,2,0.25,4,1,2,2,1,1,1,1,1
541,Swadloon,Bug,Grass,1,4,0.5,0.5,0.25,2,0.5,2,0.25,4,1,2,2,1,1,1,1,1
542,Leavanny,Bug,Grass,1,4,0.5,0.5,0.25,2,0.5,2,0.25,4,1,2,2,1,1,1,1,1
543,Venipede,Bug,Poison,1,2,1,1,0.25,1,0.25,0.5,1,2,2,0.5,2,1,1,1,1,0.5
544,Whirlipede,Bug,Poison,1,2,1,1,0.25,1,0.25,0.5,1,2,2,0.5,2,1,1,1,1,0.5
545,Scolipede,Bug,Poison,1,2,1,1,0.25,1,0.25,0.5,1,2,2,0.5,2,1,1,1,1,0.5
546,Cottonee,Grass,Fairy,1,2,0.5,0.5,0.5,2,0.5,4,0.5,2,1,1,1,1,0,0.5,2,1
547,Whimsicott,Grass,Fairy,1,2,0.5,0.5,0.5,2,0.5,4,0.5,2,1,1,1,1,0,0.5,2,1
548,Petilil,Grass,,1,2,0.5,0.5,0.5,2,1,2,0.5,2,1,2,1,1,1,1,1,1
549,Lilligant,Grass,,1,2,0.5,0.5,0.5,2,1,2,0.5,2,1,2,1,1,1,1,1,1
550,Basculin,Water,,1,0.5,0.5,2,2,0.5,1,1,1,1,1,1,1,1,1,1,0.5,1
551,Sandile,Ground,Dark,1,1,2,0,2,2,2,0.5,1,1,0,2,0.5,0.5,1,0.5,1,2
552,Krokorok,Ground,Dark,1,1,2,0,2,2,2,0.5,1,1,0,2,0.5,0.5,1,0.5,1,2
553,Krookodile,Ground,Dark,1,1,2,0,2,2,2,0.5,1,1,0,2,0.5,0.5,1,0.5,1,2
554,Darumaka,Fire,,1,0.5,2,1,0.5,0.5,1,1,2,1,1,0.5,2,1,1,1,0.5,0.5
555,Darmanitan,Fire,,1,0.5,2,1,0.5,0.5,1,1,2,1,1,0.5,2,1,1,1,0.5,0.5
556,Maractus,Grass,,1,2,0,0.5,0.5,2,1,2,0.5,2,1,2,1,1,1,1,1,1
557,Dwebble,Bug,Rock,0.5,1,2,1,1,1,1,0.5,1,1,1,1,2,1,1,1,2,1
558,Crustle,Bug,Rock,0.5,1,2,1,1,1,1,0.5,1,1,1,1,2,1,1,1,2,1
559,Scraggy,Dark,Fighting,1,1,1,1,1,1,2,1,1,2,0,1,0.5,0.5,1,0.25,1,4
560,Scrafty,Dark,Fighting,1,1,1,1,1,1,2,1,1,2,0,1,0.5,0.5,1,0.25,1,4
561,Sigilyph,Psychic,Flying,1,1,1,2,0.5,2,0.25,1,0,1,0.5,1,2,2,1,2,1,1
562,Yamask,Ghost,,0,1,1,1,1,1,0,0.5,1,1,1,0.5,1,2,1,2,1,1
563,Cofagrigus,Ghost,,0,1,1,1,1,1,0,0.5,1,1,1,0.5,1,2,1,2,1,1
564,Tirtouga,Water,Rock,0.5,0.25,1,1.5,3,0.5,1.5,0.5,1.5,0.5,1,1,1,1,1,1,1,1
565,Carracosta,Water,Rock,0.5,0.25,1,1.5,3,0.5,1.5,0.5,1.5,0.5,1,1,1,1,1,1,1,1
566,Archen,Rock,Flying,0.5,0.5,2,2,1,2,1,0.5,0,0.5,1,0.5,2,1,1,1,2,1
567,Archeops,Rock,Flying,0.5,0.5,2,2,1,2,1,0.5,0,0.5,1,0.5,2,1,1,1,2,1
568,Trubbish,Poison,,1,1,1,1,0.5,1,0.5,0.5,2,1,2,0.5,1,1,1,1,1,0.5
569,Garbodor,Poison,,1,1,1,1,0.5,1,0.5,0.5,2,1,2,0.5,1,1,1,1,1,0.5
570,Zorua,Dark,,1,1,1,1,1,1,2,1,1,1,0,2,1,0.5,1,0.5,1,2
571,Zoroark,Dark,,1,1,1,1,1,1,2,1,1,1,0,2,1,0.5,1,0.5,1,2
572,Minccino,Normal,,1,1,1,1,1,1,2,1,1,1,1,1,1,0,1,1,1,1
573,Cinccino,Normal,,1,1,1,1,1,1,2,1,1,1,1,1,1,0,1,1,1,1
574,Gothita,Psychic,,1,1,1,1,1,1,0.5,1,1,1,0.5,2,1,2,1,2,1,1
575,Gothorita,Psychic,,1,1,1,1,1,1,0.5,1,1,1,0.5,2,1,2,1,2,1,1
576,Gothitelle,Psychic,,1,1,1,1,1,1,0.5,1,1,1,0.5,2,1,2,1,2,1,1
577,Solosis,Psychic,,1,1,1,1,1,1,0.5,1,1,1,0.5,2,1,2,1,2,1,1
578,Duosion,Psychic,,1,1,1,1,1,1,0.5,1,1,1,0.5,2,1,2,1,2,1,1
579,Reuniclus,Psychic,,1,1,1,1,1,1,0.5,1,1,1,0.5,2,1,2,1,2,1,1
580,Ducklett,Water,Flying,1,0.5,0.5,4,1,1,0.5,1,0,1,1,0.5,2,1,1,1,0.5,1
581,Swanna,Water,Flying,1,0.5,0.5,4,1,1,0.5,1,0,1,1,0.5,2,1,1,1,0.5,1
582,Vanillite,Ice,,1,2,1,1,1,0.5,2,1,1,1,1,1,2,1,1,1,2,1
583,Vanillish,Ice,,1,2,1,1,1,0.5,2,1,1,1,1,1,2,1,1,1,2,1
584,Vanilluxe,Ice,,1,2,1,1,1,0.5,2,1,1,1,1,1,2,1,1,1,2,1
585,Deerling,Normal,Grass,1,2,0.5,0.5,0.5,2,2,2,0.5,2,1,2,1,0,1,1,1,1
586,Sawsbuck,Normal,Grass,1,2,0.5,0.5,0.5,2,2,2,0.5,2,1,2,1,0,1,1,1,1
587,Emolga,Electric,Flying,1,1,1,1,0.5,2,0.5,1,0,0.5,1,0.5,2,1,1,1,0.5,1
588,Karrablast,Bug,,1,2,1,1,0.5,1,0.5,1,0.5,2,1,1,2,1,1,1,1,1
589,Escavalier,Bug,Steel,0.5,4,1,1,0.25,0.5,1,0,1,1,0.5,0.5,1,1,0.5,1,0.5,0.5
590,Foongus,Grass,Poison,1,2,0.5,0.5,0.25,2,0.5,1,1,2,2,1,1,1,1,1,1,0.5
591,Amoonguss,Grass,Poison,1,2,0.5,0.5,0.25,2,0.5,1,1,2,2,1,1,1,1,1,1,0.5
592,Frillish,Water,Ghost,0,0.5,0,2,2,0.5,0,0.5,1,1,1,0.5,1,2,1,2,0.5,1
593,Jellicent,Water,Ghost,0,0.5,0,2,2,0.5,0,0.5,1,1,1,0.5,1,2,1,2,0.5,1
594,Alomomola,Water,,1,0.5,0.5,2,2,0.5,1,1,1,1,1,1,1,1,1,1,0.5,1
595,Joltik,Bug,Electric,1,2,1,0.5,0.5,1,0.5,1,1,1,1,1,2,1,1,1,0.5,1
596,Galvantula,Bug,Electric,1,2,1,0.5,0.5,1,0.5,1,1,1,1,1,2,1,1,1,0.5,1
597,Ferroseed,Grass,Steel,0.5,4,0.5,0.5,0.25,1,2,0,1,1,0.5,1,0.5,1,0.5,1,0.5,0.5
598,Ferrothorn,Grass,Steel,0.5,4,0.5,0.5,0.25,1,2,0,1,1,0.5,1,0.5,1,0.5,1,0.5,0.5
599,Klink,Steel,,0.5,2,1,1,0.5,0.5,2,0,2,0.5,0.5,0.5,0.5,1,0.5,1,0.5,0.5
600,Klang,Steel,,0.5,2,1,1,0.5,0.5,2,0,2,0.5,0.5,0.5,0.5,1,0.5,1,0.5,0.5
601,Klinklang,Steel,,0.5,2,1,1,0.5,0.5,2,0,2,0.5,0.5,0.5,0.5,1,0.5,1,0.5,0.5
602,Tynamo,Electric,,1,1,1,0.5,1,1,1,1,0,0.5,1,1,1,1,1,1,0.5,1
603,Eelektrik,Electric,,1,1,1,0.5,1,1,1,1,0,0.5,1,1,1,1,1,1,0.5,1
604,Eelektross,Electric,,1,1,1,0.5,1,1,1,1,0,0.5,1,1,1,1,1,1,0.5,1
605,Elgyem,Psychic,,1,1,1,1,1,1,0.5,1,1,1,0.5,2,1,2,1,2,1,1
606,Beheeyem,Psychic,,1,1,1,1,1,1,0.5,1,1,1,0.5,2,1,2,1,2,1,1
607,Litwick,Ghost,Fire,0,0,2,1,0.5,0.5,0,0.5,2,1,1,0.25,2,2,1,2,0.5,0.5
608,Lampent,Ghost,Fire,0,0,2,1,0.5,0.5,0,0.5,2,1,1,0.25,2,2,1,2,0.5,0.5
609,Chandelure,Ghost,Fire,0,0,2,1,0.5,0.5,0,0.5,2,1,1,0.25,2,2,1,2,0.5,0.5
610,Axew,Dragon,,1,0.5,0.5,0.5,0.5,2,1,1,1,1,1,1,1,1,2,1,1,2
611,Fraxure,Dragon,,1,0.5,0.5,0.5,0.5,2,1,1,1,1,1,1,1,1,2,1,1,2
612,Haxorus,Dragon,,1,0.5,0.5,0.5,0.5,2,1,1,1,1,1,1,1,1,2,1,1,2
613,Cubchoo,Ice,,1,2,1,1,1,0.5,2,1,1,1,1,1,2,1,1,1,2,1
614,Beartic,Ice,,1,2,1,1,1,0.5,2,1,1,1,1,1,2,1,1,1,2,1
615,Cryogonal,Ice,,1,2,1,1,1,0.5,2,1,0,1,1,1,2,1,1,1,2,1
616,Shelmet,Bug,,1,2,1,1,0.5,1,0.5,1,0.5,2,1,1,2,1,1,1,1,1
617,Accelgor,Bug,,1,2,1,1,0.5,1,0.5,1,0.5,2,1,1,2,1,1,1,1,1
618,Stunfisk,Ground,Electric,1,1,2,0,2,2,1,0.5,2,0.5,1,1,0.5,1,1,1,0.5,1
619,Mienfoo,Fighting,,1,1,1,1,1,1,1,1,1,2,2,0.5,0.5,1,1,0.5,1,2
620,Mienshao,Fighting,,1,1,1,1,1,1,1,1,1,2,2,0.5,0.5,1,1,0.5,1,2
621,Druddigon,Dragon,,1,0.5,0.5,0.5,0.5,2,1,1,1,1,1,1,1,1,2,1,1,2
622,Golett,Ground,Ghost,0,1,2,0,2,2,0,0.25,1,1,1,0.5,0.5,2,1,2,1,1
623,Golurk,Ground,Ghost,0,1,2,0,2,2,0,0.25,1,1,1,0.5,0.5,2,1,2,1,1
624,Pawniard,Dark,Steel,0.5,2,1,1,0.5,0.5,4,0,2,0.5,0,1,0.5,0.5,0.5,0.5,0.5,1
625,Bisharp,Dark,Steel,0.5,2,1,1,0.5,0.5,4,0,2,0.5,0,1,0.5,0.5,0.5,0.5,0.5,1
626,Bouffalant,Normal,,1,1,1,1,1,1,2,1,1,1,1,1,1,0,1,1,1,1
627,Rufflet,Normal,Flying,1,1,1,2,0.5,2,1,1,0,1,1,0.5,2,0,1,1,1,1
628,Braviary,Normal,Flying,1,1,1,2,0.5,2,1,1,0,1,1,0.5,2,0,1,1,1,1
629,Vullaby,Dark,Flying,1,1,1,2,0.5,2,1,1,0,1,0,1,2,0.5,1,0.5,1,2
630,Mandibuzz,Dark,Flying,1,1,1,2,0.5,2,1,1,0,1,0,1,2,0.5,1,0.5,1,2
631,Heatmor,Fire,,1,0.5,2,1,0.5,0.5,1,1,2,1,1,0.5,2,1,1,1,0.5,0.5
632,Durant,Bug,Steel,0.5,4,1,1,0.25,0.5,1,0,1,1,0.5,0.5,1,1,0.5,1,0.5,0.5
633,Deino,Dark,Dragon,1,0.5,0.5,0.5,0.5,2,2,1,1,1,0,2,1,0.5,2,0.5,1,4
634,Zweilous,Dark,Dragon,1,0.5,0.5,0.5,0.5,2,2,1,1,1,0,2,1,0.5,2,0.5,1,4
635,Hydreigon,Dark,Dragon,1,0.5,0.5,0.5,0.5,2,2,1,0,1,0,2,1,0.5,2,0.5,1,4
636,Larvesta,Bug,Fire,1,1,2,1,0.25,0.5,0.5,1,1,2,1,0.5,4,1,1,1,0.5,0.5
637,Volcarona,Bug,Fire,1,1,2,1,0.25,0.5,0.5,1,1,2,1,0.5,4,1,1,1,0.5,0.5
638,Cobalion,Steel,Fighting,0.5,2,1,1,0.5,0.5,2,0,2,1,1,0.25,0.25,1,0.5,0.5,0.5,1
639,Terrakion,Rock,Fighting,0.5,0.5,2,1,2,1,2,0.5,2,1,2,0.5,0.5,1,1,0.5,2,2
640,Virizion,Grass,Fighting,1,2,0.5,0.5,0.5,2,1,2,0.5,4,2,1,0.5,1,1,0.5,1,2
641,Tornadus,Flying,,1,1,1,2,0.5,2,0.5,1,0,1,1,0.5,2,1,1,1,1,1
642,Thundurus,Electric,Flying,1,1,1,1,0.5,2,0.5,1,0,0.5,1,0.5,2,1,1,1,0.5,1
643,Reshiram,Dragon,Fire,1,0.25,1,0.5,0.25,1,1,1,2,1,1,0.5,2,1,2,1,0.5,1
644,Zekrom,Dragon,Electric,1,0.5,0.5,0.25,0.5,2,1,1,2,0.5,1,1,1,1,2,1,0.5,2
645,Landorus,Ground,Flying,1,1,2,0,1,4,0.5,0.5,0,1,1,0.5,1,1,1,1,1,1
646,Kyurem,Dragon,Ice,1,1,0.5,0.5,0.5,1,2,1,1,1,1,1,2,1,2,1,2,2
647,Keldeo,Water,Fighting,1,0.5,0.5,2,2,0.5,1,1,1,2,2,0.5,0.5,1,1,0.5,0.5,2
648,Meloetta,Normal,Psychic,1,1,1,1,1,1,1,1,1,1,0.5,2,1,0,1,2,1,1
649,Genesect,Bug,Steel,0.5,4,1,1,0.25,0.5,1,0,1,1,0.5,0.5,1,1,0.5,1,0.5,0.5
650,Chespin,Grass,,1,2,0.5,0.5,0.5,2,1,2,0.5,2,1,2,1,1,1,1,1,1
651,Quilladin,Grass,,1,2,0.5,0.5,0.5,2,1,2,0.5,2,1,2,1,1,1,1,1,1
652,Chesnaught,Grass,Fighting,1,2,0.5,0.5,0.5,2,1,2,0.5,4,2,1,0.5,1,1,0.5,1,2
653,Fennekin,Fire,,1,0.5,2,1,0.5,0.5,1,1,2,1,1,0.5,2,1,1,1,0.5,0.5
654,Braixen,Fire,,1,0.5,2,1,0.5,0.5,1,1,2,1,1,0.5,2,1,1,1,0.5,0.5
655,Delphox,Fire,Psychic,1,0.5,2,1,0.5,0.5,0.5,1,2,1,0.5,1,2,2,1,2,0.5,0.5
656,Froakie,Water,,1,0.5,0.5,2,2,0.5,1,1,1,1,1,1,1,1,1,1,0.5,1
657,Frogadier,Water,,1,0.5,0.5,2,2,0.5,1,1,1,1,1,1,1,1,1,1,0.5,1
658,Greninja,Water,Dark,1,0.5,0.5,2,2,0.5,2,1,1,1,0,2,1,0.5,1,0.5,0.5,2
659,Bunnelby,Normal,,1,1,1,1,1,1,2,1,1,1,1,1,1,0,1,1,1,1
660,Diggersby,Normal,Ground,1,1,2,0,2,2,2,0.5,1,1,1,1,0.5,0,1,1,1,1
661,Fletchling,Normal,Flying,1,1,1,2,0.5,2,1,1,0,1,1,0.5,2,0,1,1,1,1
662,Fletchinder,Fire,Flying,1,0.5,2,2,0.25,1,0.5,1,0,1,1,0.25,4,1,1,1,0.5,0.5
663,Talonflame,Fire,Flying,1,0.5,2,2,0.25,1,0.5,1,0,1,1,0.25,4,1,1,1,0.5,0.5
664,Scatterbug,Bug,,1,2,1,1,0.5,1,0.5,1,0.5,2,1,1,2,1,1,1,1,1
665,Spewpa,Bug,,1,2,1,1,0.5,1,0.5,1,0.5,2,1,1,2,1,1,1,1,1
666,Vivillon,Bug,Flying,1,2,1,2,0.25,2,0.25,1,0,2,1,0.5,4,1,1,1,1,1
667,Litleo,Fire,Normal,1,0.5,2,1,0.5,0.5,2,1,2,1,1,0.5,2,0,1,1,0.5,0.5
668,Pyroar,Fire,Normal,1,0.5,2,1,0.5,0.5,2,1,2,1,1,0.5,2,0,1,1,0.5,0.5
669,Flabébé,Fairy,,1,1,1,1,1,1,0.5,2,1,1,1,0.5,1,1,0,0.5,2,1
670,Floette,Fairy,,1,1,1,1,1,1,0.5,2,1,1,1,0.5,1,1,0,0.5,2,1
671,Florges,Fairy,,1,1,1,1,1,1,0.5,2,1,1,1,0.5,1,1,0,0.5,2,1
672,Skiddo,Grass,,1,2,0.5,0.5,0,2,1,2,0.5,2,1,2,1,1,1,1,1,1
673,Gogoat,Grass,,1,2,0.5,0.5,0,2,1,2,0.5,2,1,2,1,1,1,1,1,1
674,Pancham,Fighting,,1,1,1,1,1,1,1,1,1,2,2,0.5,0.5,1,1,0.5,1,2
675,Pangoro,Fighting,Dark,1,1,1,1,1,1,2,1,1,2,0,1,0.5,0.5,1,0.25,1,4
676,Furfrou,Normal,,1,1,1,1,1,1,2,1,1,1,1,1,1,0,1,1,1,1
677,Espurr,Psychic,,1,1,1,1,1,1,0.5,1,1,1,0.5,2,1,2,1,2,1,1
678,Meowstic,Psychic,,1,1,1,1,1,1,0.5,1,1,1,0.5,2,1,2,1,2,1,1
679,Honedge,Steel,Ghost,0,2,1,1,0.5,0.5,0,0,2,0.5,0.5,0.25,0.5,2,0.5,2,0.5,0.5
680,Doublade,Steel,Ghost,0,2,1,1,0.5,0.5,0,0,2,0.5,0.5,0.25,0.5,2,0.5,2,0.5,0.5
681,Aegislash,Steel,Ghost,0,2,1,1,0.5,0.5,0,0,2,0.5,0.5,0.25,0.5,2,0.5,2,0.5,0.5
682,Spritzee,Fairy,,1,1,1,1,1,1,0.5,2,1,1,1,0.5,1,1,0,0.5,2,1
683,Aromatisse,Fairy,,1,1,1,1,1,1,0.5,2,1,1,1,0.5,1,1,0,0.5,2,1
684,Swirlix,Fairy,,1,1,1,1,1,1,0.5,2,1,1,1,0.5,1,1,0,0.5,2,1
685,Slurpuff,Fairy,,1,1,1,1,1,1,0.5,2,1,1,1,0.5,1,1,0,0.5,2,1
686,Inkay,Dark,Psychic,1,1,1,1,1,1,1,1,1,1,0,4,1,1,1,1,1,2
687,Malamar,Dark,Psychic,1,1,1,1,1,1,1,1,1,1,0,4,1,1,1,1,1,2
688,Binacle,Rock,Water,0.5,0.25,1,2,4,0.5,2,0.5,2,0.5,1,1,1,1,1,1,1,1
689,Barbaracle,Rock,Water,0.5,0.25,1,2,4,0.5,2,0.5,2,0.5,1,1,1,1,1,1,1,1
690,Skrelp,Poison,Water,1,0.5,0.5,2,1,0.5,0.5,0.5,2,1,2,0.5,1,1,1,1,0.5,0.5
691,Dragalge,Poison,Dragon,1,0.5,0.5,0.5,0.25,2,0.5,0.5,2,1,2,0.5,1,1,2,1,1,1
692,Clauncher,Water,,1,0.5,0.5,2,2,0.5,1,1,1,1,1,1,1,1,1,1,0.5,1
693,Clawitzer,Water,,1,0.5,0.5,2,2,0.5,1,1,1,1,1,1,1,1,1,1,0.5,1
694,Helioptile,Electric,Normal,1,1.25,0,0.5,1,1,2,1,2,0.5,1,1,1,0,1,1,0.5,1
695,Heliolisk,Electric,Normal,1,1.25,0,0.5,1,1,2,1,2,0.5,1,1,1,0,1,1,0.5,1
696,Tyrunt,Rock,Dragon,0.5,0.25,1,0.5,1,2,2,0.5,2,0.5,1,1,1,1,2,1,2,2
697,Tyrantrum,Rock,Dragon,0.5,0.25,1,0.5,1,2,2,0.5,2,0.5,1,1,1,1,2,1,2,2
698,Amaura,Rock,Ice,0.5,1,2,1,2,0.5,4,0.5,2,0.5,1,1,2,1,1,1,4,1
699,Aurorus,Rock,Ice,0.5,1,2,1,2,0.5,4,0.5,2,0.5,1,1,2,1,1,1,4,1
700,Sylveon,Fairy,,1,1,1,1,1,1,0.5,2,1,1,1,0.5,1,1,0,0.5,2,1
701,Hawlucha,Fighting,Flying,1,1,1,2,0.5,2,0.5,1,0,2,2,0.25,1,1,1,0.5,1,2
702,Dedenne,Electric,Fairy,1,1,1,0.5,1,1,0.5,2,2,0.5,1,0.5,1,1,0,0.5,1,1
703,Carbink,Rock,Fairy,0.5,0.5,2,1,2,1,1,1,2,0.5,1,0.5,1,1,0,0.5,4,1
704,Goomy,Dragon,,1,0.5,0.5,0.5,0,2,1,1,1,1,1,1,1,1,2,1,1,2
705,Sliggoo,Dragon,,1,0.5,0.5,0.5,0,2,1,1,1,1,1,1,1,1,2,1,1,2
706,Goodra,Dragon,,1,0.5,0.5,0.5,0,2,1,1,1,1,1,1,1,1,2,1,1,2
707,Klefki,Steel,Fairy,0.5,2,1,1,0.5,0.5,1,0,2,0.5,0.5,0.25,0.5,1,0,0.5,1,0.5
708,Phantump,Ghost,Grass,0,2,0.5,0.5,0.5,2,0,1,0.5,2,1,1,1,2,1,2,1,1
709,Trevenant,Ghost,Grass,0,2,0.5,0.5,0.5,2,0,1,0.5,2,1,1,1,2,1,2,1,1
710,Pumpkaboo,Ghost,Grass,0,2,0.5,0.5,0.5,2,0,1,0.5,2,1,1,1,2,1,2,1,1
711,Gourgeist,Ghost,Grass,0,2,0.5,0.5,0.5,2,0,1,0.5,2,1,1,1,2,1,2,1,1
712,Bergmite,Ice,,1,2,1,1,1,0.5,2,1,1,1,1,1,2,1,1,1,2,1
713,Avalugg,Ice,,1,2,1,1,1,0.5,2,1,1,1,1,1,2,1,1,1,2,1
714,Noibat,Flying,Dragon,1,0.5,0.5,1,0.25,4,0.5,1,0,1,1,0.5,2,1,2,1,1,2
715,Noivern,Flying,Dragon,1,0.5,0.5,1,0.25,4,0.5,1,0,1,1,0.5,2,1,2,1,1,2
716,Xerneas,Fairy,,1,1,1,1,1,1,0.5,2,1,1,1,0.5,1,1,0,0.5,2,1
717,Yveltal,Dark,Flying,1,1,1,2,0.5,2,1,1,0,1,0,1,2,0.5,1,0.5,1,2
718,Zygarde,Dragon,Ground,1,0.5,1,0,1,4,1,0.5,1,1,1,1,0.5,1,2,1,1,2
719,Diancie,Rock,Fairy,0.5,0.5,2,1,2,1,1,1,2,0.5,1,0.5,1,1,0,0.5,4,1
720,Hoopa,Psychic,Ghost,0,1,1,1,1,1,0,0.5,1,1,0.5,1,1,4,1,4,1,1
721,Volcanion,Fire,Water,1,0.25,0,2,1,0.25,1,1,2,1,1,0.5,2,1,1,1,0.25,0.5
722,Rowlet,Grass,Flying,1,2,0.5,1,0.25,4,0.5,2,0,2,1,1,2,1,1,1,1,1
723,Dartrix,Grass,Flying,1,2,0.5,1,0.25,4,0.5,2,0,2,1,1,2,1,1,1,1,1
724,Decidueye,Grass,Ghost,0,2,0.5,0.5,0.5,2,0,1,0.5,2,1,1,1,2,1,2,1,1
725,Litten,Fire,,1,0.5,2,1,0.5,0.5,1,1,2,1,1,0.5,2,1,1,1,0.5,0.5
726,Torracat,Fire,,1,0.5,2,1,0.5,0.5,1,1,2,1,1,0.5,2,1,1,1,0.5,0.5
727,Incineroar,Fire,Dark,1,0.5,2,1,0.5,0.5,2,1,2,1,0,1,2,0.5,1,0.5,0.5,1
728,Popplio,Water,,1,0.5,0.5,2,2,0.5,1,1,1,1,1,1,1,1,1,1,0.5,1
729,Brionne,Water,,1,0.5,0.5,2,2,0.5,1,1,1,1,1,1,1,1,1,1,0.5,1
730,Primarina,Water,Fairy,1,0.5,0.5,2,2,0.5,0.5,2,1,1,1,0.5,1,1,0,0.5,1,1
731,Pikipek,Normal,Flying,1,1,1,2,0.5,2,1,1,0,1,1,0.5,2,0,1,1,1,1
732,Trumbeak,Normal,Flying,1,1,1,2,0.5,2,1,1,0,1,1,0.5,2,0,1,1,1,1
733,Toucannon,Normal,Flying,1,1,1,2,0.5,2,1,1,0,1,1,0.5,2,0,1,1,1,1
734,Yungoos,Normal,,1,1,1,1,1,1,2,1,1,1,1,1,1,0,1,1,1,1
735,Gumshoos,Normal,,1,1,1,1,1,1,2,1,1,1,1,1,1,0,1,1,1,1
736,Grubbin,Bug,,1,2,1,1,0.5,1,0.5,1,0.5,2,1,1,2,1,1,1,1,1
737,Charjabug,Bug,Electric,1,2,1,0.5,0.5,1,0.5,1,1,1,1,1,2,1,1,1,0.5,1
738,Vikavolt,Bug,Electric,1,2,1,0.5,0.5,1,0.5,1,0,1,1,1,2,1,1,1,0.5,1
739,Crabrawler,Fighting,,1,1,1,1,1,1,1,1,1,2,2,0.5,0.5,1,1,0.5,1,2
740,Crabominable,Fighting,Ice,1,2,1,1,1,0.5,2,1,1,2,2,0.5,1,1,1,0.5,2,2
741,Oricorio,Fire,Flying,1,0.5,2,2,0.25,1,0.5,1,0,1,1,0.25,4,1,1,1,0.5,0.5
742,Cutiefly,Bug,Fairy,1,2,1,1,0.5,1,0.25,2,0.5,2,1,0.5,2,1,0,0.5,2,1
743,Ribombee,Bug,Fairy,1,2,1,1,0.5,1,0.25,2,0.5,2,1,0.5,2,1,0,0.5,2,1
744,Rockruff,Rock,,0.5,0.5,2,1,2,1,2,0.5,2,0.5,1,1,1,1,1,1,2,1
745,Lycanroc,Rock,,0.5,0.5,2,1,2,1,2,0.5,2,0.5,1,1,1,1,1,1,2,1
746,Wishiwashi,Water,,1,0.5,0.5,2,2,0.5,1,1,1,1,1,1,1,1,1,1,0.5,1
747,Mareanie,Poison,Water,1,0.5,0.5,2,1,0.5,0.5,0.5,2,1,2,0.5,1,1,1,1,0.5,0.5
748,Toxapex,Poison,Water,1,0.5,0.5,2,1,0.5,0.5,0.5,2,1,2,0.5,1,1,1,1,0.5,0.5
749,Mudbray,Ground,,1,1,2,0,2,2,1,0.5,1,1,1,1,0.5,1,1,1,1,1
750,Mudsdale,Ground,,1,1,2,0,2,2,1,0.5,1,1,1,1,0.5,1,1,1,1,1
751,Dewpider,Water,Bug,1,0.5,0.5,2,1,0.5,0.5,1,0.5,2,1,1,2,1,1,1,0.5,1
752,Araquanid,Water,Bug,1,0.5,0.5,2,1,0.5,0.5,1,0.5,2,1,1,2,1,1,1,0.5,1
753,Fomantis,Grass,,1,2,0.5,0.5,0.5,2,1,2,0.5,2,1,2,1,1,1,1,1,1
754,Lurantis,Grass,,1,2,0.5,0.5,0.5,2,1,2,0.5,2,1,2,1,1,1,1,1,1
755,Morelull,Grass,Fairy,1,2,0.5,0.5,0.5,2,0.5,4,0.5,2,1,1,1,1,0,0.5,2,1
756,Shiinotic,Grass,Fairy,1,2,0.5,0.5,0.5,2,0.5,4,0.5,2,1,1,1,1,0,0.5,2,1
757,Salandit,Poison,Fire,1,0.5,2,1,0.25,0.5,0.5,0.5,4,1,2,0.25,2,1,1,1,0.5,0.25
758,Salazzle,Poison,Fire,1,0.5,2,1,0.25,0.5,0.5,0.5,4,1,2,0.25,2,1,1,1,0.5,0.25
759,Stufful,Normal,Fighting,1,2,1,1,1,1,2,1,1,2,2,0.5,0.5,0,1,0.5,1,2
760,Bewear,Normal,Fighting,1,2,1,1,1,1,2,1,1,2,2,0.5,0.5,0,1,0.5,1,2
761,Bounsweet,Grass,,1,2,0.5,0.5,0.5,2,1,2,0.5,2,1,2,1,1,1,1,1,1
762,Steenee,Grass,,1,2,0.5,0.5,0.5,2,1,2,0.5,2,1,2,1,1,1,1,1,1
763,Tsareena,Grass,,1,2,0.5,0.5,0.5,2,1,2,0.5,2,1,2,1,1,1,1,1,1
764,Comfey,Fairy,,1,1,1,1,1,1,0.5,2,1,1,1,0.5,1,1,0,0.5,2,1
765,Oranguru,Normal,Psychic,1,1,1,1,1,1,1,1,1,1,0.5,2,1,0,1,2,1,1
766,Passimian,Fighting,,1,1,1,1,1,1,1,1,1,2,2,0.5,0.5,1,1,0.5,1,2
767,Wimpod,Bug,Water,1,1,0.5,2,1,0.5,0.5,1,0.5,2,1,1,2,1,1,1,0.5,1
768,Golisopod,Bug,Water,1,1,0.5,2,1,0.5,0.5,1,0.5,2,1,1,2,1,1,1,0.5,1
769,Sandygast,Ghost,Ground,0,1,2,0,2,2,0,0.25,1,1,1,0.5,0.5,2,1,2,1,1
770,Palossand,Ghost,Ground,0,1,2,0,2,2,0,0.25,1,1,1,0.5,0.5,2,1,2,1,1
771,Pyukumuku,Water,,1,0.5,0.5,2,2,0.5,1,1,1,1,1,1,1,1,1,1,0.5,1
772,Type: Null,Normal,,1,1,1,1,1,1,2,1,1,1,1,1,1,0,1,1,1,1
773,Silvally,Normal,,1,1,1,1,1,1,2,1,1,1,1,1,1,0,1,1,1,1
774,Minior,Rock,Flying,0.5,0.5,2,2,1,2,1,0.5,0,0.5,1,0.5,2,1,1,1,2,1
775,Komala,Normal,,1,1,1,1,1,1,2,1,1,1,1,1,1,0,1,1,1,1
776,Turtonator,Fire,Dragon,1,0.25,1,0.5,0.25,1,1,1,2,1,1,0.5,2,1,2,1,0.5,1
777,Togedemaru,Electric,Steel,0.5,2,1,0.5,0.5,0.5,2,0,4,0.25,0.5,0.5,0.5,1,0.5,1,0.25,0.5
778,Mimikyu,Ghost,Fairy,0,1,1,1,1,1,0,1,1,1,1,0.25,1,2,0,1,2,1
779,Bruxish,Water,Psychic,1,0.5,0.5,2,2,0.5,0.5,1,1,1,0.5,2,1,2,1,2,0.5,1
780,Drampa,Normal,Dragon,1,0.5,0.5,0.5,0.5,2,2,1,1,1,1,1,1,0,2,1,1,2
781,Dhelmise,Ghost,Grass,0,2,0.5,0.5,0.5,2,0,1,0.5,2,1,1,1,2,1,2,1,1
782,Jangmo-o,Dragon,,1,0.5,0.5,0.5,0.5,2,1,1,1,1,1,1,1,1,2,1,1,2
783,Hakamo-o,Dragon,Fighting,1,0.5,0.5,0.5,0.5,2,1,1,1,2,2,0.5,0.5,1,2,0.5,1,4
784,Kommo-o,Dragon,Fighting,1,0.5,0.5,0.5,0.5,2,1,1,1,2,2,0.5,0.5,1,2,0.5,1,4
785,Tapu Koko,Electric,Fairy,1,1,1,0.5,1,1,0.5,2,2,0.5,1,0.5,1,1,0,0.5,1,1
786,Tapu Lele,Psychic,Fairy,1,1,1,1,1,1,0.25,2,1,1,0.5,1,1,2,0,1,2,1
787,Tapu Bulu,Grass,Fairy,1,2,0.5,0.5,0.5,2,0.5,4,0.5,2,1,1,1,1,0,0.5,2,1
788,Tapu Fini,Water,Fairy,1,0.5,0.5,2,2,0.5,0.5,2,1,1,1,0.5,1,1,0,0.5,1,1
789,Cosmog,Psychic,,1,1,1,1,1,1,0.5,1,1,1,0.5,2,1,2,1,2,1,1
790,Cosmoem,Psychic,,1,1,1,1,1,1,0.5,1,1,1,0.5,2,1,2,1,2,1,1
791,Solgaleo,Psychic,Steel,0.5,2,1,1,0.5,0.5,1,0,2,0.5,0.25,1,0.5,2,0.5,2,0.5,0.5
792,Lunala,Psychic,Ghost,0,1,1,1,1,1,0,0.5,1,1,0.5,1,1,4,1,4,1,1
793,Nihilego,Rock,Poison,0.5,0.5,2,1,1,1,1,0.25,4,0.5,2,0.5,1,1,1,1,2,0.5
794,Buzzwole,Bug,Fighting,1,2,1,1,0.5,1,0.5,1,0.5,4,2,0.5,1,1,1,0.5,1,2
795,Pheromosa,Bug,Fighting,1,2,1,1,0.5,1,0.5,1,0.5,4,2,0.5,1,1,1,0.5,1,2
796,Xurkitree,Electric,,1,1,1,0.5,1,1,1,1,2,0.5,1,1,1,1,1,1,0.5,1
797,Celesteela,Steel,Flying,0.5,2,1,2,0.25,1,1,0,0,0.5,0.5,0.25,1,1,0.5,1,0.5,0.5
798,Kartana,Grass,Steel,0.5,4,0.5,0.5,0.25,1,2,0,1,1,0.5,1,0.5,1,0.5,1,0.5,0.5
799,Guzzlord,Dark,Dragon,1,0.5,0.5,0.5,0.5,2,2,1,1,1,0,2,1,0.5,2,0.5,1,4
800,Necrozma,Psychic,,1,1,1,1,1,1,0.5,1,1,1,0.5,1.5,1,1.5,1,1.5,1,1
801,Magearna,Steel,Fairy,0.5,2,1,1,0.5,0.5,1,0,2,0.5,0.5,0.25,0.5,1,0,0.5,1,0.5
802,Marshadow,Fighting,Ghost,0,1,1,1,1,1,0,0.5,1,2,2,0.25,0.5,2,1,1,1,2
803,Poipole,Poison,,1,1,1,1,0.5,1,0.5,0.5,2,1,2,0.5,1,1,1,1,1,0.5
804,Naganadel,Poison,Dragon,1,0.5,0.5,0.5,0.25,2,0.5,0.5,2,1,2,0.5,1,1,2,1,1,1
805,Stakataka,Rock,Steel,0.25,1,2,1,1,0.5,4,0,4,0.25,0.5,0.5,0.5,1,0.5,1,1,0.5
806,Blacephalon,Fire,Ghost,0,0.5,2,1,0.5,0.5,0,0.5,2,1,1,0.25,2,2,1,2,0.5,0.5
807,Zeraora,Electric,,1,1,1,0,1,1,1,1,2,0.5,1,1,1,1,1,1,0.5,1
808,Meltan,Steel,,0.5,2,1,1,0.5,0.5,2,0,2,0.5,0.5,0.5,0.5,1,0.5,1,0.5,0.5
809,Melmetal,Steel,,0.5,2,1,1,0.5,0.5,2,0,2,0.5,0.5,0.5,0.5,1,0.5,1,0.5,0.5
810,Grookey,Grass,,1,2,0.5,0.5,0.5,2,1,2,0.5,2,1,2,1,1,1,1,1,1
811,Thwackey,Grass,,1,2,0.5,0.5,0.5,2,1,2,0.5,2,1,2,1,1,1,1,1,1
812,Rillaboom,Grass,,1,2,0.5,0.5,0.5,2,1,2,0.5,2,1,2,1,1,1,1,1,1
813,Scorbunny,Fire,,1,0.5,2,1,0.5,0.5,1,1,2,1,1,0.5,2,1,1,1,0.5,0.5
814,Raboot,Fire,,1,0.5,2,1,0.5,0.5,1,1,2,1,1,0.5,2,1,1,1,0.5,0.5
815,Cinderace,Fire,,1,0.5,2,1,0.5,0.5,1,1,2,1,1,0.5,2,1,1,1,0.5,0.5
816,Sobble,Water,,1,0.5,0.5,2,2,0.5,1,1,1,1,1,1,1,1,1,1,0.5,1
817,Drizzile,Water,,1,0.5,0.5,2,2,0.5,1,1,1,1,1,1,1,1,1,1,0.5,1
818,Inteleon,Water,,1,0.5,0.5,2,2,0.5,1,1,1,1,1,1,1,1,1,1,0.5,1
819,Skwovet,Normal,,1,1,1,1,1,1,2,1,1,1,1,1,1,0,1,1,1,1
820,Greedent,Normal,,1,1,1,1,1,1,2,1,1,1,1,1,1,0,1,1,1,1
821,Rookidee,Flying,,1,1,1,2,0.5,2,0.5,1,0,1,1,0.5,2,1,1,1,1,1
822,Corvisquire,Flying,,1,1,1,2,0.5,2,0.5,1,0,1,1,0.5,2,1,1,1,1,1
823,Corviknight,Flying,Steel,0.5,2,1,2,0.25,1,1,0,0,0.5,0.5,0.25,1,1,0.5,1,0.5,0.5
824,Blipbug,Bug,,1,2,1,1,0.5,1,0.5,1,0.5,2,1,1,2,1,1,1,1,1
825,Dottler,Bug,Psychic,1,2,1,1,0.5,1,0.25,1,0.5,2,0.5,2,2,2,1,2,1,1
826,Orbeetle,Bug,Psychic,1,2,1,1,0.5,1,0.25,1,0.5,2,0.5,2,2,2,1,2,1,1
827,Nickit,Dark,,1,1,1,1,1,1,2,1,1,1,0,2,1,0.5,1,0.5,1,2
828,Thievul,Dark,,1,1,1,1,1,1,2,1,1,1,0,2,1,0.5,1,0.5,1,2
829,Gossifleur,Grass,,1,2,0.5,0.5,0.5,2,1,2,0.5,2,1,2,1,1,1,1,1,1
830,Eldegoss,Grass,,1,2,0.5,0.5,0.5,2,1,2,0.5,2,1,2,1,1,1,1,1,1
831,Wooloo,Normal,,1,2,1,1,1,1,2,1,1,1,1,1,1,0,1,1,1,1
832,Dubwool,Normal,,1,2,1,1,1,1,2,1,1,1,1,1,1,0,1,1,1,1
833,Chewtle,Water,,1,0.5,0.5,2,2,0.5,1,1,1,1,1,1,1,1,1,1,0.5,1
834,Drednaw,Water,Rock,0.5,0.25,1,2,4,0.5,2,0.5,2,0.5,1,1,1,1,1,1,1,1
835,Yamper,Electric,,1,1,1,0.5,1,1,1,1,2,0.5,1,1,1,1,1,1,0.5,1
836,Boltund,Electric,,1,1,1,0.5,1,1,1,1,2,0.5,1,1,1,1,1,1,0.5,1
837,Rolycoly,Rock,,0.5,0.5,2,1,2,1,2,0.5,2,0.5,1,1,1,1,1,1,2,1
838,Carkol,Rock,Fire,0.5,0.25,4,1,1,0.5,2,0.5,4,0.5,1,0.5,2,1,1,1,1,0.5
839,Coalossal,Rock,Fire,0.5,0.25,4,1,1,0.5,2,0.5,4,0.5,1,0.5,2,1,1,1,1,0.5
840,Applin,Grass,Dragon,1,1,0.25,0.25,0.25,4,1,2,0.5,2,1,2,1,1,2,1,1,2
841,Flapple,Grass,Dragon,1,1,0.25,0.25,0.25,4,1,2,0.5,2,1,2,1,1,2,1,1,2
842,Appletun,Grass,Dragon,1,1,0.25,0.25,0.25,4,1,2,0.5,2,1,2,1,1,2,1,1,2
843,Silicobra,Ground,,1,1,2,0,2,2,1,0.5,1,1,1,1,0.5,1,1,1,1,1
844,Sandaconda,Ground,,1,1,2,0,2,2,1,0.5,1,1,1,1,0.5,1,1,1,1,1
845,Cramorant,Flying,Water,1,0.5,0.5,4,1,1,0.5,1,0,1,1,0.5,2,1,1,1,0.5,1
846,Arrokuda,Water,,1,0.5,0.5,2,2,0.5,1,1,1,1,1,1,1,1,1,1,0.5,1
847,Barraskewda,Water,,1,0.5,0.5,2,2,0.5,1,1,1,1,1,1,1,1,1,1,0.5,1
848,Toxel,Electric,Poison,1,1,1,0.5,0.5,1,0.5,0.5,4,0.5,2,0.5,1,1,1,1,0.5,0.5
849,Toxtricity,Electric,Poison,1,1,1,0.5,0.5,1,0.5,0.5,4,0.5,2,0.5,1,1,1,1,0.5,0.5
850,Sizzlipede,Fire,Bug,1,0,2,1,0.25,0.5,0.5,1,1,2,1,0.5,4,1,1,1,0.5,0.5
851,Centiskorch,Fire,Bug,1,0,2,1,0.25,0.5,0.5,1,1,2,1,0.5,4,1,1,1,0.5,0.5
852,Clobbopus,Fighting,,1,1,1,1,1,1,1,1,1,2,2,0.5,0.5,1,1,0.5,1,2
853,Grapploct,Fighting,,1,1,1,1,1,1,1,1,1,2,2,0.5,0.5,1,1,0.5,1,2
854,Sinistea,Ghost,,0,1,1,1,1,1,0,0.5,1,1,1,0.5,1,2,1,2,1,1
855,Polteageist,Ghost,,0,1,1,1,1,1,0,0.5,1,1,1,0.5,1,2,1,2,1,1
856,Hatenna,Psychic,,1,1,1,1,1,1,0.5,1,1,1,0.5,2,1,2,1,2,1,1
857,Hattrem,Psychic,,1,1,1,1,1,1,0.5,1,1,1,0.5,2,1,2,1,2,1,1
858,Hatterene,Psychic,Fairy,1,1,1,1,1,1,0.25,2,1,1,0.5,1,1,2,0,1,2,1
859,Impidimp,Dark,Fairy,1,1,1,1,1,1,1,2,1,1,0,1,1,0.5,0,0.25,2,2
860,Morgrem,Dark,Fairy,1,1,1,1,1,1,1,2,1,1,0,1,1,0.5,0,0.25,2,2
861,Grimmsnarl,Dark,Fairy,1,1,1,1,1,1,1,2,1,1,0,1,1,0.5,0,0.25,2,2
862,Obstagoon,Dark,Normal,1,1,1,1,1,1,4,1,1,1,0,2,1,0,1,0.5,1,2
863,Perrserker,Steel,,0.5,2,1,1,0.5,0.5,2,0,2,0.5,0.5,0.5,0.5,1,0.5,1,0.5,0.5
864,Cursola,Ghost,,0,1,1,1,1,1,0,0.5,1,1,1,0.5,1,2,1,2,1,1
865,Sirfetch'd,Fighting,,1,1,1,1,1,1,1,1,1,2,2,0.5,0.5,1,1,0.5,1,2
866,Mr. Rime,Ice,Psychic,1,2,1,1,1,0.5,1,1,1,1,0.5,2,2,2,1,2,2,1
867,Runerigus,Ground,Ghost,0,1,2,0,2,2,0,0.25,1,1,1,0.5,0.5,2,1,2,1,1
868,Milcery,Fairy,,1,1,1,1,1,1,0.5,2,1,1,1,0.5,1,1,0,0.5,2,1
869,Alcremie,Fairy,,1,1,1,1,1,1,0.5,2,1,1,1,0.5,1,1,0,0.5,2,1
870,Falinks,Fighting,,1,1,1,1,1,1,1,1,1,2,2,0.5,0.5,1,1,0.5,1,2
871,Pincurchin,Electric,,1,1,1,0,1,1,1,1,2,0.5,1,1,1,1,1,1,0.5,1
872,Snom,Ice,Bug,1,4,1,1,0.5,0.5,1,1,0.5,2,1,1,4,1,1,1,2,1
873,Frosmoth,Ice,Bug,1,4,1,1,0.5,0.5,1,1,0.5,2,1,1,4,1,1,1,2,1
874,Stonjourner,Rock,,0.5,0.5,2,1,2,1,2,0.5,2,0.5,1,1,1,1,1,1,2,1
875,Eiscue,Ice,,1,2,1,1,1,0.5,2,1,1,1,1,1,2,1,1,1,2,1
876,Indeedee,Psychic,Normal,1,1,1,1,1,1,1,1,1,1,0.5,2,1,0,1,2,1,1
877,Morpeko,Electric,Dark,1,1,1,0.5,1,1,2,1,2,0.5,0,2,1,0.5,1,0.5,0.5,2
878,Cufant,Steel,,0.5,2,1,1,0.5,0.5,2,0,2,0.5,0.5,0.5,0.5,1,0.5,1,0.5,0.5
879,Copperajah,Steel,,0.5,2,1,1,0.5,0.5,2,0,2,0.5,0.5,0.5,0.5,1,0.5,1,0.5,0.5
880,Dracozolt,Electric,Dragon,1,0.5,0.5,0,0.5,2,1,1,2,0.5,1,1,1,1,2,1,0.5,2
881,Arctozolt,Electric,Ice,1,2,1,0,1,0.5,2,1,2,0.5,1,1,2,1,1,1,1,1
882,Dracovish,Water,Dragon,1,0.25,0,1,1,1,1,1,1,1,1,1,1,1,2,1,0.5,2
883,Arctovish,Water,Ice,1,1,0,2,2,0.25,2,1,1,1,1,1,2,1,1,1,1,1
884,Duraludon,Steel,Dragon,0.5,1,0.5,0.5,0.25,1,2,0,2,0.5,0.5,0.5,0.5,1,1,1,0.5,1
885,Dreepy,Dragon,Ghost,0,0.5,0.5,0.5,0.5,2,0,0.5,1,1,1,0.5,1,2,2,2,1,2
886,Drakloak,Dragon,Ghost,0,0.5,0.5,0.5,0.5,2,0,0.5,1,1,1,0.5,1,2,2,2,1,2
887,Dragapult,Dragon,Ghost,0,0.5,0.5,0.5,0.5,2,0,0.5,1,1,1,0.5,1,2,2,2,1,2
888,Zacian,Fairy,,1,1,1,1,1,1,0.5,2,1,1,1,0.5,1,1,0,0.5,2,1
889,Zamazenta,Fighting,,1,1,1,1,1,1,1,1,1,2,2,0.5,0.5,1,1,0.5,1,2
890,Eternatus,Poison,Dragon,1,0.5,0.5,0.5,0.25,2,0.5,0.5,2,1,2,0.5,1,1,2,1,1,1
891,Kubfu,Fighting,,1,1,1,1,1,1,1,1,1,2,2,0.5,0.5,1,1,0.5,1,2
892,Urshifu,Fighting,Dark,1,1,1,1,1,1,2,1,1,2,0,1,0.5,0.5,1,0.25,1,4
893,Zarude,Dark,Grass,1,2,0.5,0.5,0.5,2,2,2,0.5,2,0,4,1,0.5,1,0.5,1,2
894,Regieleki,Electric,,1,1,1,0.5,1,1,1,1,2,0.5,1,1,1,1,1,1,0.5,1
895,Regidrago,Dragon,,1,0.5,0.5,0.5,0.5,2,1,1,1,1,1,1,1,1,2,1,1,2
896,Glastrier,Ice,,1,2,1,1,1,0.5,2,1,1,1,1,1,2,1,1,1,2,1
897,Spectrier,Ghost,,0,1,1,1,1,1,0,0.5,1,1,1,0.5,1,2,1,2,1,1
898,Calyrex,Psychic,Grass,1,2,0.5,0.5,0.5,2,0.5,2,0.5,2,0.5,4,1,2,1,2,1,1
899,Wyrdeer,Normal,Psychic,1,1,1,1,1,1,1,1,1,1,0.5,2,1,0,1,2,1,1
900,Kleavor,Bug,Rock,0.5,1,2,1,1,1,1,0.5,1,1,1,1,2,1,1,1,2,1
901,Ursaluna,Ground,Normal,1,1,2,0,2,2,2,0.5,1,1,1,1,0.5,0,1,1,1,1
902,Basculegion,Water,Ghost,0,0.5,0.5,2,2,0.5,0,0.5,1,1,1,0.5,1,2,1,2,0.5,1
903,Sneasler,Poison,Fighting,1,1,1,1,0.5,1,0.5,0.5,2,2,4,0.25,0.5,1,1,0.5,1,1
904,Overqwil,Dark,Poison,1,1,1,1,0.5,1,1,0.5,2,1,0,1,1,0.5,1,0.5,1,1
905,Enamorus,Fairy,Flying,1,1,1,2,0.5,2,0.25,2,0,1,1,0.25,2,1,0,0.5,2,1
